itrial,dgp,method,rmse,coverage,width,coverage_type,size
0,linear,XBART,2.7210123074551196,0.765,6.14055051240279,Overall,200
0,linear,XBART,1.865733200272861,0.8854166666666666,6.026579650136658,Interior,96
0,linear,XBART,3.3204051529647236,0.6538461538461539,6.245754385263833,Exterior,104
0,linear,XBART-GP,1.9974488881260748,0.895,6.718855077085701,Overall,200
0,linear,XBART-GP,1.6532087417687633,0.9166666666666666,6.145252601326887,Interior,96
0,linear,XBART-GP,2.269324904537003,0.875,7.248334285478451,Exterior,104
0,linear,jackknife+ XBART,2.6647174946898184,0.825,7.0927803366079045,Overall,200
0,linear,jackknife+ XBART,1.791287801510077,0.9270833333333334,7.078533969501978,Interior,96
0,linear,jackknife+ XBART,3.270067504697064,0.7307692307692307,7.105930829321066,Exterior,104
0,linear,jackknife+ RF,3.5022294452953577,0.82,9.213493802811849,Overall,200
0,linear,jackknife+ RF,2.4550468600390007,0.9270833333333334,9.189701434561778,Interior,96
0,linear,jackknife+ RF,4.245479189837816,0.7211538461538461,9.235455988888837,Exterior,104
0,linear,CV+ XBART,2.5682558613815516,0.84,7.215025197451857,Overall,200
0,linear,CV+ XBART,1.7205565142001082,0.9479166666666666,7.1934397938030985,Interior,96
0,linear,CV+ XBART,3.154662942075286,0.7403846153846154,7.234950185435327,Exterior,104
0,linear,CV+ RF,3.5214835696713838,0.83,9.119083274091107,Overall,200
0,linear,CV+ RF,2.4838312514250247,0.9375,9.117782056420333,Interior,96
0,linear,CV+ RF,4.260626092127871,0.7307692307692307,9.120284398094899,Exterior,104
1,linear,XBART,2.8651908596859235,0.765,5.854795159531309,Overall,200
1,linear,XBART,1.8583382042399075,0.8936170212765957,5.78530987166196,Interior,94
1,linear,XBART,3.525168495424063,0.6509433962264151,5.91641418839658,Exterior,106
1,linear,XBART-GP,2.0756938950279498,0.885,6.478645612404645,Overall,200
1,linear,XBART-GP,1.5946823331577495,0.9468085106382979,5.9863046444173165,Interior,94
1,linear,XBART-GP,2.4236607374842936,0.8301886792452831,6.915249867034919,Exterior,106
1,linear,jackknife+ XBART,2.9501413572840103,0.79,6.127990838829231,Overall,200
1,linear,jackknife+ XBART,1.8815614529468367,0.9148936170212766,6.112710810355593,Interior,94
1,linear,jackknife+ XBART,3.644433719602803,0.6792452830188679,6.141541052758681,Exterior,106
1,linear,jackknife+ RF,4.289561384886685,0.72,8.784469336536558,Overall,200
1,linear,jackknife+ RF,3.2892252465259153,0.8085106382978723,8.787422810742969,Interior,94
1,linear,jackknife+ RF,5.012325486575943,0.6415094339622641,8.781850217900686,Exterior,106
1,linear,CV+ XBART,2.9001431114119933,0.815,6.703129735873415,Overall,200
1,linear,CV+ XBART,1.8355212236779697,0.9042553191489362,6.670823338850953,Interior,94
1,linear,CV+ XBART,3.58911749553003,0.7358490566037735,6.73177880493107,Exterior,106
1,linear,CV+ RF,4.315742003248178,0.71,8.978093831652439,Overall,200
1,linear,CV+ RF,3.3302587334270033,0.7978723404255319,8.984867540511763,Interior,94
1,linear,CV+ RF,5.030667482582185,0.6320754716981132,8.97208695775832,Exterior,106
2,linear,XBART,3.0141819091182165,0.64,5.3399630761305525,Overall,200
2,linear,XBART,2.1284052079859457,0.7974683544303798,5.337870093052839,Interior,79
2,linear,XBART,3.472655790113841,0.5371900826446281,5.341329569214348,Exterior,121
2,linear,XBART-GP,2.383620975857921,0.775,5.857688179602408,Overall,200
2,linear,XBART-GP,1.9093336260538412,0.8481012658227848,5.447881111378165,Interior,79
2,linear,XBART-GP,2.6478292287184746,0.7272727272727273,6.125248166294271,Exterior,121
2,linear,jackknife+ XBART,2.913854332600215,0.705,6.037658202838684,Overall,200
2,linear,jackknife+ XBART,1.9178175573855787,0.8987341772151899,6.086902233049186,Interior,79
2,linear,jackknife+ XBART,3.410660855273045,0.5785123966942148,6.005507141792156,Exterior,121
2,linear,jackknife+ RF,4.0977598657183565,0.67,8.18228759559345,Overall,200
2,linear,jackknife+ RF,3.206675718541359,0.7848101265822784,8.188421582487447,Interior,79
2,linear,jackknife+ RF,4.587071681062335,0.5950413223140496,8.178282761175057,Exterior,121
2,linear,CV+ XBART,2.807819896602835,0.715,6.0187562184370424,Overall,200
2,linear,CV+ XBART,1.9227397117628784,0.8607594936708861,6.030792983266885,Interior,79
2,linear,CV+ XBART,3.258445102004132,0.6198347107438017,6.010897504209296,Exterior,121
2,linear,CV+ RF,4.129935138495131,0.67,8.347189772963839,Overall,200
2,linear,CV+ RF,3.2131245063441143,0.810126582278481,8.360836804024178,Interior,79
2,linear,CV+ RF,4.631604947600473,0.5785123966942148,8.338279727891386,Exterior,121
3,linear,XBART,2.8395322016361497,0.73,5.794231130844898,Overall,200
3,linear,XBART,2.017617478196252,0.9042553191489362,5.766105598446481,Interior,94
3,linear,XBART,3.406341585541627,0.5754716981132075,5.819172640707646,Exterior,106
3,linear,XBART-GP,2.0963238987698474,0.845,6.537598396249755,Overall,200
3,linear,XBART-GP,1.7199795165575142,0.8829787234042553,5.91115693122679,Interior,94
3,linear,XBART-GP,2.38080333912666,0.8113207547169812,7.093121959572004,Exterior,106
3,linear,jackknife+ XBART,2.778992884680638,0.76,6.037282569349231,Overall,200
3,linear,jackknife+ XBART,1.936344646476887,0.9042553191489362,6.034323336751533,Interior,94
3,linear,jackknife+ XBART,3.353558818159675,0.6320754716981132,6.03990679448304,Exterior,106
3,linear,jackknife+ RF,3.872860402260493,0.725,8.348198022935781,Overall,200
3,linear,jackknife+ RF,3.0216050061439255,0.7978723404255319,8.312391419849702,Interior,94
3,linear,jackknife+ RF,4.494840268997523,0.660377358490566,8.379951048314004,Exterior,106
3,linear,CV+ XBART,2.823977335173411,0.755,6.2386417948999835,Overall,200
3,linear,CV+ XBART,1.9890582668484715,0.9148936170212766,6.233620945943321,Interior,94
3,linear,CV+ XBART,3.3968248711477895,0.6132075471698113,6.24309424586155,Exterior,106
3,linear,CV+ RF,3.8987315309952244,0.735,8.295026060212919,Overall,200
3,linear,CV+ RF,3.046305335345906,0.8191489361702128,8.24836955145485,Interior,94
3,linear,CV+ RF,4.522171531003245,0.660377358490566,8.336400700054982,Exterior,106
4,linear,XBART,3.2942208013606544,0.675,5.537934090068465,Overall,200
4,linear,XBART,2.2426224815563534,0.8051948051948052,5.418339720279978,Interior,77
4,linear,XBART,3.8074784742546446,0.5934959349593496,5.612802110179956,Exterior,123
4,linear,XBART-GP,2.4983771549216187,0.815,6.281402178748255,Overall,200
4,linear,XBART-GP,1.93458598682406,0.8311688311688312,5.4869952136397835,Interior,77
4,linear,XBART-GP,2.79400594658482,0.8048780487804879,6.778713856092585,Exterior,123
4,linear,jackknife+ XBART,3.2415288767584522,0.67,5.566268972734825,Overall,200
4,linear,jackknife+ XBART,2.2367811596829803,0.8181818181818182,5.536038723339842,Interior,77
4,linear,jackknife+ XBART,3.7354120212612347,0.5772357723577236,5.585193600404856,Exterior,123
4,linear,jackknife+ RF,4.227438583197853,0.71,8.305231566188015,Overall,200
4,linear,jackknife+ RF,2.942734215489591,0.8311688311688312,8.305237980873938,Interior,77
4,linear,jackknife+ RF,4.8618739703092295,0.6341463414634146,8.305227550490322,Exterior,123
4,linear,CV+ XBART,3.278847077826561,0.715,6.367504781147227,Overall,200
4,linear,CV+ XBART,2.2537827077511134,0.8441558441558441,6.374090730575493,Interior,77
4,linear,CV+ XBART,3.781688144067897,0.6341463414634146,6.363381869716525,Exterior,123
4,linear,CV+ RF,4.2417734414450425,0.73,8.809920254939868,Overall,200
4,linear,CV+ RF,2.9727245705914247,0.8311688311688312,8.801031750671983,Interior,77
4,linear,CV+ RF,4.870745882030216,0.6666666666666666,8.815484603140087,Exterior,123
5,linear,XBART,3.020636524659437,0.705,5.749885802280193,Overall,200
5,linear,XBART,1.859230118000457,0.8690476190476191,5.727195323640098,Interior,84
5,linear,XBART,3.637073385055305,0.5862068965517241,5.766316838536813,Exterior,116
5,linear,XBART-GP,2.2614353199121098,0.87,6.521710147288992,Overall,200
5,linear,XBART-GP,1.7009807521386355,0.9166666666666666,5.930627969225638,Interior,84
5,linear,XBART-GP,2.5927248308403725,0.8362068965517241,6.949735172783145,Exterior,116
5,linear,jackknife+ XBART,2.888290299919662,0.795,6.843791236876282,Overall,200
5,linear,jackknife+ XBART,1.6984876501855861,0.9642857142857143,6.831165537687371,Interior,84
5,linear,jackknife+ XBART,3.506294716727621,0.6724137931034483,6.852933984564803,Exterior,116
5,linear,jackknife+ RF,3.968459716175575,0.775,9.415726129913141,Overall,200
5,linear,jackknife+ RF,2.8476171495176885,0.8809523809523809,9.393267976001985,Interior,84
5,linear,jackknife+ RF,4.613123087194662,0.6982758620689655,9.431988931021218,Exterior,116
5,linear,CV+ XBART,3.0054288181342383,0.755,6.475678780233461,Overall,200
5,linear,CV+ XBART,1.7332373781697086,0.9285714285714286,6.469237168888996,Interior,84
5,linear,CV+ XBART,3.6603361964151064,0.6293103448275862,6.48034339534497,Exterior,116
5,linear,CV+ RF,3.999180835617334,0.745,8.911441780337537,Overall,200
5,linear,CV+ RF,2.8544107094110966,0.8690476190476191,8.860930869835121,Interior,84
5,linear,CV+ RF,4.655628767270387,0.6551724137931034,8.948018646563426,Exterior,116
6,linear,XBART,3.1519448405898807,0.69,5.806511365152954,Overall,200
6,linear,XBART,2.158345716206759,0.7875,5.631947516565883,Interior,80
6,linear,XBART,3.667736310463159,0.625,5.922887264210999,Exterior,120
6,linear,XBART-GP,2.3872387281274507,0.835,6.569476218705549,Overall,200
6,linear,XBART-GP,1.9637162133999453,0.8625,5.776209057374714,Interior,80
6,linear,XBART-GP,2.6319942370642457,0.8166666666666667,7.098320992926102,Exterior,120
6,linear,jackknife+ XBART,2.9848821056205,0.71,5.777526282157249,Overall,200
6,linear,jackknife+ XBART,1.9290944716016143,0.85,5.771928222658194,Interior,80
6,linear,jackknife+ XBART,3.516854416546105,0.6166666666666667,5.7812583218232865,Exterior,120
6,linear,jackknife+ RF,4.211971618927639,0.74,8.639183007382174,Overall,200
6,linear,jackknife+ RF,3.271757988245543,0.8125,8.571627535818967,Interior,80
6,linear,jackknife+ RF,4.736198332205642,0.6916666666666667,8.684219988424312,Exterior,120
6,linear,CV+ XBART,2.9702405138364796,0.745,6.28303877412358,Overall,200
6,linear,CV+ XBART,1.9037358519209582,0.8875,6.233435026165728,Interior,80
6,linear,CV+ XBART,3.5053874328144077,0.65,6.316107939428815,Exterior,120
6,linear,CV+ RF,4.224053277087405,0.745,8.737650303388346,Overall,200
6,linear,CV+ RF,3.3024794833520112,0.8375,8.687964435022792,Interior,80
6,linear,CV+ RF,4.739915222956428,0.6833333333333333,8.770774215632049,Exterior,120
7,linear,XBART,2.881579707411548,0.645,5.465764201053369,Overall,200
7,linear,XBART,2.061477448452551,0.7901234567901234,5.404079469202449,Interior,81
7,linear,XBART,3.3260816666381854,0.5462184873949579,5.507751287439288,Exterior,119
7,linear,XBART-GP,1.9964803299131473,0.88,6.045950712449756,Overall,200
7,linear,XBART-GP,1.8118704741116143,0.8641975308641975,5.500547628696643,Interior,81
7,linear,XBART-GP,2.1129331592797187,0.8907563025210085,6.417191466937169,Exterior,119
7,linear,jackknife+ XBART,2.830210605295491,0.73,6.312427920959906,Overall,200
7,linear,jackknife+ XBART,1.9407154551470829,0.8765432098765432,6.30831086428348,Interior,81
7,linear,jackknife+ XBART,3.3013136160109138,0.6302521008403361,6.31523028726907,Exterior,119
7,linear,jackknife+ RF,3.9083768287779064,0.705,8.050695798897975,Overall,200
7,linear,jackknife+ RF,2.831147155955725,0.8395061728395061,8.029429816548197,Interior,81
7,linear,jackknife+ RF,4.4963430102497925,0.6134453781512605,8.065170963354547,Exterior,119
7,linear,CV+ XBART,2.801487175647831,0.76,6.661289655716003,Overall,200
7,linear,CV+ XBART,1.9153732088547715,0.9012345679012346,6.680257195504665,Interior,81
7,linear,CV+ XBART,3.2700641966802086,0.6638655462184874,6.64837897737246,Exterior,119
7,linear,CV+ RF,3.954617384204271,0.755,8.860609430010559,Overall,200
7,linear,CV+ RF,2.8559010456667804,0.9259259259259259,8.8164945841449,Interior,81
7,linear,CV+ RF,4.553279266801124,0.6386554621848739,8.890637182238448,Exterior,119
8,linear,XBART,2.9152069975747135,0.73,5.276829743956503,Overall,200
8,linear,XBART,1.8627840705447394,0.8761904761904762,5.274848972408766,Interior,105
8,linear,XBART,3.7491614443861643,0.5684210526315789,5.2790190177724226,Exterior,95
8,linear,XBART-GP,2.1605600414371473,0.835,5.820821494397653,Overall,200
8,linear,XBART-GP,1.5982861992586102,0.9047619047619048,5.43182372030947,Interior,105
8,linear,XBART-GP,2.646506072428766,0.7578947368421053,6.250766402600385,Exterior,95
8,linear,jackknife+ XBART,2.860504943919414,0.75,5.413060127456888,Overall,200
8,linear,jackknife+ XBART,1.7901486295829967,0.8952380952380953,5.400302786244101,Interior,105
8,linear,jackknife+ XBART,3.6992336826026757,0.5894736842105263,5.427160346692073,Exterior,95
8,linear,jackknife+ RF,3.871005911859051,0.72,7.724300764114932,Overall,200
8,linear,jackknife+ RF,3.0326368350146513,0.7904761904761904,7.6592130027686345,Interior,105
8,linear,jackknife+ RF,4.624038228028259,0.6421052631578947,7.7962398687608365,Exterior,95
8,linear,CV+ XBART,2.8194436307600683,0.755,5.63558166386706,Overall,200
8,linear,CV+ XBART,1.779419609095166,0.8857142857142857,5.624220844212166,Interior,105
8,linear,CV+ XBART,3.63808421556601,0.6105263157894737,5.648138359275102,Exterior,95
8,linear,CV+ RF,3.917770051660085,0.72,8.02880137478467,Overall,200
8,linear,CV+ RF,3.0929829124129915,0.8,7.954401162717349,Interior,105
8,linear,CV+ RF,4.662614343913739,0.631578947368421,8.111033188122239,Exterior,95
9,linear,XBART,2.7117579980915214,0.665,5.3400237888727995,Overall,200
9,linear,XBART,1.8092507704580643,0.8235294117647058,5.312616895982262,Interior,102
9,linear,XBART,3.4059382061777845,0.5,5.368549330452746,Exterior,98
9,linear,XBART-GP,2.156860316592378,0.82,5.878620041320923,Overall,200
9,linear,XBART-GP,1.6739833772537247,0.8333333333333334,5.478003574379829,Interior,102
9,linear,XBART-GP,2.5646394694934007,0.8061224489795918,6.2955882007902275,Exterior,98
9,linear,jackknife+ XBART,2.8764583394697802,0.74,6.0565034668284055,Overall,200
9,linear,jackknife+ XBART,1.8190220696810806,0.9215686274509803,6.0365587182184814,Interior,102
9,linear,jackknife+ XBART,3.666312032550476,0.5510204081632653,6.077262286810163,Exterior,98
9,linear,jackknife+ RF,3.641472269690043,0.765,8.598697365099774,Overall,200
9,linear,jackknife+ RF,2.8517282768381618,0.8627450980392157,8.55656274712753,Interior,102
9,linear,jackknife+ RF,4.312492452951266,0.6632653061224489,8.642551763397417,Exterior,98
9,linear,CV+ XBART,2.7034092574086217,0.77,6.158457306598271,Overall,200
9,linear,CV+ XBART,1.779465252804279,0.9215686274509803,6.151266739618497,Interior,102
9,linear,CV+ XBART,3.408724806216996,0.6122448979591837,6.165941366107832,Exterior,98
9,linear,CV+ RF,3.7288111784301026,0.765,8.651775955826473,Overall,200
9,linear,CV+ RF,2.906177488057219,0.8823529411764706,8.587765142720745,Interior,102
9,linear,CV+ RF,4.425492093569151,0.6428571428571429,8.718399455181414,Exterior,98
0,single_index,XBART,8.705962228193021,0.55,12.129284187839467,Overall,200
0,single_index,XBART,4.8690480141750525,0.8229166666666666,12.207387133100989,Interior,96
0,single_index,XBART,11.1298383262706,0.2980769230769231,12.057189161444215,Exterior,104
0,single_index,XBART-GP,7.676994937959109,0.625,13.180402916588513,Overall,200
0,single_index,XBART-GP,4.5422919355448075,0.8125,12.35055642659015,Interior,96
0,single_index,XBART-GP,9.710491113317595,0.4519230769230769,13.946415061202382,Exterior,104
0,single_index,jackknife+ XBART,8.59103165503319,0.59,13.740433123252465,Overall,200
0,single_index,jackknife+ XBART,4.806198623417179,0.8645833333333334,13.714851597904335,Interior,96
0,single_index,jackknife+ XBART,10.98233224478057,0.33653846153846156,13.76404683895843,Exterior,104
0,single_index,jackknife+ RF,12.702465663241952,0.505,19.506942678608194,Overall,200
0,single_index,jackknife+ RF,8.446915279432865,0.7083333333333334,19.452890347609113,Interior,96
0,single_index,jackknife+ RF,15.634309694955226,0.3173076923076923,19.556837137991963,Exterior,104
0,single_index,CV+ XBART,8.904719136497754,0.585,14.219941212150289,Overall,200
0,single_index,CV+ XBART,5.069742107657522,0.8645833333333334,14.35180366137867,Interior,96
0,single_index,CV+ XBART,11.347392625078319,0.3269230769230769,14.098222028247164,Exterior,104
0,single_index,CV+ RF,12.777533223959171,0.47,18.542292432846907,Overall,200
0,single_index,CV+ RF,8.608602953952019,0.65625,18.526903451733173,Interior,96
0,single_index,CV+ RF,15.670494922253914,0.2980769230769231,18.556497646182663,Exterior,104
1,single_index,XBART,11.18866263971248,0.47,13.685995675958704,Overall,200
1,single_index,XBART,5.172120836582894,0.8072289156626506,13.31971999010321,Interior,83
1,single_index,XBART,13.96482611804855,0.23076923076923078,13.945832273616874,Exterior,117
1,single_index,XBART-GP,9.139290992037852,0.595,14.98211874298101,Overall,200
1,single_index,XBART-GP,4.844432944680756,0.8433734939759037,13.760627224308465,Interior,83
1,single_index,XBART-GP,11.230848820323933,0.4188034188034188,15.848646914347,Exterior,117
1,single_index,jackknife+ XBART,10.996266978857138,0.53,15.328135218307331,Overall,200
1,single_index,jackknife+ XBART,4.892036664555062,0.8795180722891566,15.321102650840457,Interior,83
1,single_index,jackknife+ XBART,13.77388201295327,0.28205128205128205,15.33312413368982,Exterior,117
1,single_index,jackknife+ RF,13.943161963507729,0.455,18.41554959540731,Overall,200
1,single_index,jackknife+ RF,7.205007473393034,0.7710843373493976,18.392744036000167,Interior,83
1,single_index,jackknife+ RF,17.19014975713639,0.23076923076923078,18.4317278982346,Exterior,117
1,single_index,CV+ XBART,11.206538240033845,0.56,16.22236942980329,Overall,200
1,single_index,CV+ XBART,4.913166030852974,0.9036144578313253,16.264418565235545,Interior,83
1,single_index,CV+ XBART,14.055368602922346,0.3162393162393162,16.192539701248787,Exterior,117
1,single_index,CV+ RF,14.004330803656257,0.445,18.408871417397584,Overall,200
1,single_index,CV+ RF,7.3146236875194175,0.7349397590361446,18.331847149862156,Interior,83
1,single_index,CV+ RF,17.2422279078265,0.23931623931623933,18.463512564452632,Exterior,117
2,single_index,XBART,10.925809564362531,0.52,14.069660631727906,Overall,200
2,single_index,XBART,4.8737439950717105,0.8387096774193549,13.934014763501285,Interior,93
2,single_index,XBART,14.22962505929219,0.24299065420560748,14.18755844242955,Exterior,107
2,single_index,XBART-GP,9.071175286201266,0.645,15.099826475183955,Overall,200
2,single_index,XBART-GP,4.449885884187572,0.8924731182795699,14.255356152579242,Interior,93
2,single_index,XBART-GP,11.687402822643465,0.42990654205607476,15.833805353709542,Exterior,107
2,single_index,jackknife+ XBART,10.395118873824659,0.57,14.531516772173836,Overall,200
2,single_index,jackknife+ XBART,4.22647130951109,0.9139784946236559,14.507465795937392,Interior,93
2,single_index,jackknife+ XBART,13.654766969230906,0.27102803738317754,14.552420891706445,Exterior,107
2,single_index,jackknife+ RF,13.094423561151507,0.535,18.518945859145212,Overall,200
2,single_index,jackknife+ RF,6.829318180837242,0.8387096774193549,18.47058157837897,Interior,93
2,single_index,jackknife+ RF,16.73188910852074,0.27102803738317754,18.560982103175686,Exterior,107
2,single_index,CV+ XBART,10.452624644383716,0.6,15.617830099700297,Overall,200
2,single_index,CV+ XBART,4.098053114943455,0.9354838709677419,15.389444912201984,Interior,93
2,single_index,CV+ XBART,13.770355106191618,0.308411214953271,15.816333113133409,Exterior,107
2,single_index,CV+ RF,13.220363770141184,0.545,19.325947407861882,Overall,200
2,single_index,CV+ RF,6.948986203394236,0.8494623655913979,19.20219145628918,Interior,93
2,single_index,CV+ RF,16.873576529027307,0.2803738317757009,19.43351099193909,Exterior,107
3,single_index,XBART,10.596389463741353,0.535,14.823967968933584,Overall,200
3,single_index,XBART,4.630514258224969,0.8987341772151899,14.941452688316513,Interior,79
3,single_index,XBART,13.09936677925248,0.2975206611570248,14.747263069501754,Exterior,121
3,single_index,XBART-GP,8.560019167871575,0.63,15.86095720878829,Overall,200
3,single_index,XBART-GP,4.174034209945101,0.9367088607594937,15.144357305856222,Interior,79
3,single_index,XBART-GP,10.47563219875243,0.4297520661157025,16.328819955330715,Exterior,121
3,single_index,jackknife+ XBART,10.171918413088184,0.58,15.903514454152045,Overall,200
3,single_index,jackknife+ XBART,4.157777137697878,0.8987341772151899,15.86210392015758,Interior,79
3,single_index,jackknife+ XBART,12.63862082295891,0.371900826446281,15.930551083784795,Exterior,121
3,single_index,jackknife+ RF,14.470299548063206,0.48,20.690786323475855,Overall,200
3,single_index,jackknife+ RF,8.487397360378715,0.7848101265822784,20.68758991743469,Interior,79
3,single_index,jackknife+ RF,17.29354644828826,0.2809917355371901,20.692873233205205,Exterior,121
3,single_index,CV+ XBART,10.245813966064835,0.59,17.21832683613609,Overall,200
3,single_index,CV+ XBART,4.50360179183315,0.9240506329113924,17.242433982672985,Interior,79
3,single_index,CV+ XBART,12.659895964800768,0.371900826446281,17.2025874594715,Exterior,121
3,single_index,CV+ RF,14.53788480076486,0.49,21.26986937685043,Overall,200
3,single_index,CV+ RF,8.494600798083841,0.7721518987341772,21.250584688673516,Interior,79
3,single_index,CV+ RF,17.384689217357362,0.30578512396694213,21.282460206321307,Exterior,121
4,single_index,XBART,10.231296005851737,0.52,12.882614909997352,Overall,200
4,single_index,XBART,5.139167327367057,0.8021978021978022,12.832576135261268,Interior,91
4,single_index,XBART,13.039276896907968,0.28440366972477066,12.924390400832063,Exterior,109
4,single_index,XBART-GP,8.198204343595188,0.645,14.19393333006862,Overall,200
4,single_index,XBART-GP,4.830943014082874,0.8241758241758241,13.040219089692227,Interior,91
4,single_index,XBART-GP,10.190097705046451,0.4954128440366973,15.15712595276818,Exterior,109
4,single_index,jackknife+ XBART,10.158657887922981,0.57,14.110609122990441,Overall,200
4,single_index,jackknife+ XBART,5.012224772244042,0.8571428571428571,14.083661296765419,Interior,91
4,single_index,jackknife+ XBART,12.976170069576957,0.3302752293577982,14.133106849471877,Exterior,109
4,single_index,jackknife+ RF,12.9836287833538,0.565,19.70053806254989,Overall,200
4,single_index,jackknife+ RF,7.091045323265631,0.8461538461538461,19.627914481148505,Interior,91
4,single_index,jackknife+ RF,16.3502874909818,0.3302752293577982,19.761168758949207,Exterior,109
4,single_index,CV+ XBART,10.17946342881539,0.585,15.568704942310355,Overall,200
4,single_index,CV+ XBART,4.886130353433722,0.8791208791208791,15.512610151562807,Interior,91
4,single_index,CV+ XBART,13.046049908386477,0.3394495412844037,15.615536373117944,Exterior,109
4,single_index,CV+ RF,12.969007580498923,0.58,20.660014623694213,Overall,200
4,single_index,CV+ RF,7.103430705751686,0.8681318681318682,20.638559315803352,Interior,91
4,single_index,CV+ RF,16.324486952779175,0.3394495412844037,20.67792685321778,Exterior,109
5,single_index,XBART,10.2454746633619,0.56,14.607589431604284,Overall,200
5,single_index,XBART,5.561343704996825,0.7884615384615384,14.23320217399863,Interior,104
5,single_index,XBART,13.608124740614105,0.3125,15.013175627343736,Exterior,96
5,single_index,XBART-GP,8.204146174793062,0.675,15.928194086008716,Overall,200
5,single_index,XBART-GP,4.93280839709156,0.8365384615384616,14.914880666530339,Interior,104
5,single_index,XBART-GP,10.670741065185638,0.5,17.025950290443628,Exterior,96
5,single_index,jackknife+ XBART,10.227276796276627,0.565,14.449612986359652,Overall,200
5,single_index,jackknife+ XBART,5.297441618111778,0.8365384615384616,14.434642361749285,Interior,104
5,single_index,jackknife+ XBART,13.693405428120386,0.2708333333333333,14.465831163020889,Exterior,96
5,single_index,jackknife+ RF,13.790936991369806,0.535,21.089933627853334,Overall,200
5,single_index,jackknife+ RF,8.479259348018472,0.7692307692307693,21.04535375414954,Interior,104
5,single_index,jackknife+ RF,17.842077301788223,0.28125,21.138228491032432,Exterior,96
5,single_index,CV+ XBART,10.181557602904611,0.585,15.010322437650316,Overall,200
5,single_index,CV+ XBART,5.219587680125432,0.8653846153846154,14.9708964090648,Interior,104
5,single_index,CV+ XBART,13.654759970961571,0.28125,15.053033968617953,Exterior,96
5,single_index,CV+ RF,13.831354608534488,0.565,21.857395912952757,Overall,200
5,single_index,CV+ RF,8.52737889506318,0.7980769230769231,21.7956312041158,Interior,104
5,single_index,CV+ RF,17.882367425800823,0.3125,21.924307680859467,Exterior,96
6,single_index,XBART,9.419664656191767,0.585,14.303394617488957,Overall,200
6,single_index,XBART,5.13593584105751,0.8288288288288288,14.441696904005374,Interior,111
6,single_index,XBART,12.903303533137896,0.2808988764044944,14.130905248912303,Exterior,89
6,single_index,XBART-GP,8.234070084487483,0.7,15.310276147706954,Overall,200
6,single_index,XBART-GP,4.702911770895504,0.8738738738738738,14.509193416362635,Interior,111
6,single_index,XBART-GP,11.170261958841948,0.48314606741573035,16.309379329495936,Exterior,89
6,single_index,jackknife+ XBART,9.604734303978018,0.625,15.40888757736765,Overall,200
6,single_index,jackknife+ XBART,5.0522902235257705,0.8828828828828829,15.39666657788261,Interior,111
6,single_index,jackknife+ XBART,13.246512603683229,0.30337078651685395,15.424129498073707,Exterior,89
6,single_index,jackknife+ RF,13.998772049494612,0.45,19.014629420113287,Overall,200
6,single_index,jackknife+ RF,9.450043484358222,0.6756756756756757,18.938651970237185,Interior,111
6,single_index,jackknife+ RF,18.138188360379296,0.16853932584269662,19.109387812655395,Exterior,89
6,single_index,CV+ XBART,9.46886451910575,0.65,15.885379790763345,Overall,200
6,single_index,CV+ XBART,4.861543325493022,0.918918918918919,15.947522542636476,Interior,111
6,single_index,CV+ XBART,13.115064700654411,0.3146067415730337,15.80787590921371,Exterior,89
6,single_index,CV+ RF,14.131518112132804,0.455,19.26604013212766,Overall,200
6,single_index,CV+ RF,9.595442171047003,0.6756756756756757,19.281127988964432,Interior,111
6,single_index,CV+ RF,18.273795375191757,0.1797752808988764,19.24722269270202,Exterior,89
7,single_index,XBART,9.01089898171519,0.645,15.918114529809705,Overall,200
7,single_index,XBART,4.655981617645611,0.8857142857142857,15.170390328164908,Interior,105
7,single_index,XBART,12.123510341581207,0.37894736842105264,16.744546542153948,Exterior,95
7,single_index,XBART-GP,7.302846063288028,0.785,17.08116599221704,Overall,200
7,single_index,XBART-GP,4.185602493184441,0.9523809523809523,15.633954340952592,Interior,105
7,single_index,XBART-GP,9.639168429172798,0.6,18.68071571203565,Exterior,95
7,single_index,jackknife+ XBART,9.695596331567064,0.615,16.423023050848585,Overall,200
7,single_index,jackknife+ XBART,4.951493711785368,0.8857142857142857,16.32439171857537,Interior,105
7,single_index,jackknife+ XBART,13.06928991638719,0.3157894736842105,16.53203662862424,Exterior,95
7,single_index,jackknife+ RF,13.943659781526913,0.525,21.532346926629327,Overall,200
7,single_index,jackknife+ RF,8.536343759524536,0.7619047619047619,21.484966843517004,Interior,105
7,single_index,jackknife+ RF,18.13222409750779,0.2631578947368421,21.58471438691137,Exterior,95
7,single_index,CV+ XBART,9.610840482043997,0.62,16.370512443235455,Overall,200
7,single_index,CV+ XBART,4.6969762119411,0.8952380952380953,16.343569447524274,Interior,105
7,single_index,CV+ XBART,13.041304613874608,0.3157894736842105,16.400291543758346,Exterior,95
7,single_index,CV+ RF,14.097910897704217,0.495,20.1835252596916,Overall,200
7,single_index,CV+ RF,8.662053981172553,0.7428571428571429,20.183817045589837,Interior,105
7,single_index,CV+ RF,18.316499471007006,0.22105263157894736,20.183202759488278,Exterior,95
8,single_index,XBART,10.007585728541079,0.53,12.210018122750341,Overall,200
8,single_index,XBART,5.070623162601493,0.8222222222222222,12.416676157996744,Interior,90
8,single_index,XBART,12.690850207810724,0.2909090909090909,12.040934275730553,Exterior,110
8,single_index,XBART-GP,8.303440915540806,0.635,13.34802470527898,Overall,200
8,single_index,XBART-GP,4.65369345401941,0.9,12.699384966163148,Interior,90
8,single_index,XBART-GP,10.374929817426125,0.41818181818181815,13.878729946373756,Exterior,110
8,single_index,jackknife+ XBART,9.797717250797858,0.53,13.31034765314565,Overall,200
8,single_index,jackknife+ XBART,5.060608199614816,0.8444444444444444,13.370349601626613,Interior,90
8,single_index,jackknife+ XBART,12.392877237207891,0.2727272727272727,13.261255149843043,Exterior,110
8,single_index,jackknife+ RF,12.866057310732899,0.46,18.110640691533348,Overall,200
8,single_index,jackknife+ RF,8.198171569048398,0.7222222222222222,18.041061435841492,Interior,90
8,single_index,jackknife+ RF,15.683861018086796,0.24545454545454545,18.16756917346305,Exterior,110
8,single_index,CV+ XBART,9.828078410829129,0.625,16.538319614870915,Overall,200
8,single_index,CV+ XBART,4.947589868547106,0.9,16.385993400216595,Interior,90
8,single_index,CV+ XBART,12.473662054038511,0.4,16.66295015413354,Exterior,110
8,single_index,CV+ RF,13.07728270340949,0.46,19.09542946278037,Overall,200
8,single_index,CV+ RF,8.365857371246538,0.7444444444444445,19.043598480207088,Interior,90
8,single_index,CV+ RF,15.927159000483478,0.22727272727272727,19.13783663034033,Exterior,110
9,single_index,XBART,10.687047435289948,0.555,13.353726594452677,Overall,200
9,single_index,XBART,4.932306098939392,0.8021978021978022,12.751155844423833,Interior,91
9,single_index,XBART,13.756993558422703,0.3486238532110092,13.856790248146485,Exterior,109
9,single_index,XBART-GP,8.782802918793092,0.66,14.411348204607384,Overall,200
9,single_index,XBART-GP,4.5008049656419,0.8351648351648352,13.071669194187757,Interior,91
9,single_index,XBART-GP,11.163553122289727,0.5137614678899083,15.52979581881093,Exterior,109
9,single_index,jackknife+ XBART,10.67468023029741,0.555,14.271576844473156,Overall,200
9,single_index,jackknife+ XBART,4.56189064860212,0.8681318681318682,14.135158002854485,Interior,91
9,single_index,jackknife+ XBART,13.84579974446209,0.29357798165137616,14.385467803989659,Exterior,109
9,single_index,jackknife+ RF,14.135905685447913,0.48,19.841214873120144,Overall,200
9,single_index,jackknife+ RF,8.045892776163317,0.7692307692307693,19.782560084242558,Interior,91
9,single_index,jackknife+ RF,17.680589670132942,0.23853211009174313,19.890183550072983,Exterior,109
9,single_index,CV+ XBART,10.602909328857715,0.56,14.90232179000957,Overall,200
9,single_index,CV+ XBART,4.3446940212269265,0.8791208791208791,14.845620578748086,Interior,91
9,single_index,CV+ XBART,13.8028676480118,0.29357798165137616,14.949659498493919,Exterior,109
9,single_index,CV+ RF,14.164613305436916,0.5,20.513109159744445,Overall,200
9,single_index,CV+ RF,8.031076616031072,0.8021978021978022,20.540806090455373,Interior,91
9,single_index,CV+ RF,17.72830592655158,0.24770642201834864,20.489986034105037,Exterior,109
0,trig_poly,XBART,7.360507016688211,0.71,11.773704837414842,Overall,200
0,trig_poly,XBART,5.185937831080193,0.7368421052631579,10.96781192683975,Interior,76
0,trig_poly,XBART,8.420152677657745,0.6935483870967742,12.267639201960865,Exterior,124
0,trig_poly,XBART-GP,6.480647617730558,0.78,13.064280358970457,Overall,200
0,trig_poly,XBART-GP,4.771434762533552,0.8289473684210527,11.490767472661895,Interior,76
0,trig_poly,XBART-GP,7.333912552349242,0.75,14.028691482836994,Exterior,124
0,trig_poly,jackknife+ XBART,7.418541710977105,0.68,10.715943537530151,Overall,200
0,trig_poly,jackknife+ XBART,5.105142471099296,0.75,10.689503034736735,Interior,76
0,trig_poly,jackknife+ XBART,8.531820783852574,0.6370967741935484,10.732149006984185,Exterior,124
0,trig_poly,jackknife+ RF,8.75515362782704,0.665,14.618727836197154,Overall,200
0,trig_poly,jackknife+ RF,6.436161612753664,0.7631578947368421,14.640301726660976,Interior,76
0,trig_poly,jackknife+ RF,9.911831318272403,0.6048387096774194,14.605505129138686,Exterior,124
0,trig_poly,CV+ XBART,7.33844237607583,0.69,10.498791625650725,Overall,200
0,trig_poly,CV+ XBART,4.92998440426972,0.7631578947368421,10.301118138772232,Interior,76
0,trig_poly,CV+ XBART,8.483088769197758,0.6451612903225806,10.619946343414956,Exterior,124
0,trig_poly,CV+ RF,8.77444983531868,0.675,14.70617643296408,Overall,200
0,trig_poly,CV+ RF,6.389476798347913,0.7631578947368421,14.620562321610311,Interior,76
0,trig_poly,CV+ RF,9.957758580300997,0.6209677419354839,14.75864959798736,Exterior,124
1,trig_poly,XBART,8.016266704690452,0.75,12.938326532148436,Overall,200
1,trig_poly,XBART,4.711339349821787,0.8426966292134831,12.281936171411312,Interior,89
1,trig_poly,XBART,9.898857169631448,0.6756756756756757,13.464621506072795,Exterior,111
1,trig_poly,XBART-GP,7.417141198765045,0.795,14.0631067945118,Overall,200
1,trig_poly,XBART-GP,4.553413442027629,0.8764044943820225,12.925747591791376,Interior,89
1,trig_poly,XBART-GP,9.082955341566121,0.7297297297297297,14.975043452548897,Exterior,111
1,trig_poly,jackknife+ XBART,8.158744052489904,0.71,11.911623167333428,Overall,200
1,trig_poly,jackknife+ XBART,4.866397459676061,0.8539325842696629,11.87105491733341,Interior,89
1,trig_poly,jackknife+ XBART,10.047337752285953,0.5945945945945946,11.944150863279388,Exterior,111
1,trig_poly,jackknife+ RF,9.080119530735292,0.665,14.123393951417508,Overall,200
1,trig_poly,jackknife+ RF,5.995554099184631,0.7865168539325843,13.997520584979082,Interior,89
1,trig_poly,jackknife+ RF,10.942297715367127,0.5675675675675675,14.224319443426696,Exterior,111
1,trig_poly,CV+ XBART,8.207474057512162,0.69,11.370274868837173,Overall,200
1,trig_poly,CV+ XBART,4.881688990660266,0.8202247191011236,11.245611529342629,Interior,89
1,trig_poly,CV+ XBART,10.112688088746491,0.5855855855855856,11.470230159062531,Exterior,111
1,trig_poly,CV+ RF,9.156971883865591,0.65,13.862245115333346,Overall,200
1,trig_poly,CV+ RF,6.128501803011712,0.7640449438202247,13.640139789070318,Interior,89
1,trig_poly,CV+ RF,10.998491812772366,0.5585585585585585,14.04032956612082,Exterior,111
2,trig_poly,XBART,8.07377154320743,0.74,12.664228034934165,Overall,200
2,trig_poly,XBART,4.758135578814479,0.8571428571428571,12.255086080978229,Interior,98
2,trig_poly,XBART,10.298701458272644,0.6274509803921569,13.057325206382028,Exterior,102
2,trig_poly,XBART-GP,6.9572968556087655,0.785,13.371465119214527,Overall,200
2,trig_poly,XBART-GP,4.197271259472458,0.8775510204081632,12.429121132694167,Interior,98
2,trig_poly,XBART-GP,8.830829173482021,0.696078431372549,14.276854439596832,Exterior,102
2,trig_poly,jackknife+ XBART,8.44005960552354,0.67,10.0526567676212,Overall,200
2,trig_poly,jackknife+ XBART,5.065352914378655,0.7959183673469388,9.973248026319347,Interior,98
2,trig_poly,jackknife+ XBART,10.72492827094804,0.5490196078431373,10.128951440636703,Exterior,102
2,trig_poly,jackknife+ RF,9.645991113629991,0.675,13.682993285521245,Overall,200
2,trig_poly,jackknife+ RF,6.003279637399858,0.8163265306122449,13.659195602812071,Interior,98
2,trig_poly,jackknife+ RF,12.157935762764337,0.5392156862745098,13.705857725771237,Exterior,102
2,trig_poly,CV+ XBART,8.51556754418624,0.7,11.239920648722658,Overall,200
2,trig_poly,CV+ XBART,5.105308992446109,0.826530612244898,11.200939811592624,Interior,98
2,trig_poly,CV+ XBART,10.823308403309454,0.5784313725490197,11.277372825573076,Exterior,102
2,trig_poly,CV+ RF,9.741964908253209,0.675,14.190291590865549,Overall,200
2,trig_poly,CV+ RF,6.115565250746961,0.8061224489795918,14.147692645252391,Interior,98
2,trig_poly,CV+ RF,12.253835933140548,0.5490196078431373,14.231219989591915,Exterior,102
3,trig_poly,XBART,7.445339674094627,0.71,10.441604164233645,Overall,200
3,trig_poly,XBART,3.9483696448865526,0.8202247191011236,10.32339117345851,Interior,89
3,trig_poly,XBART,9.34770778793776,0.6216216216216216,10.536387553233528,Exterior,111
3,trig_poly,XBART-GP,6.429172302503631,0.765,11.780699108918476,Overall,200
3,trig_poly,XBART-GP,3.500897962823971,0.8539325842696629,10.836392149476799,Interior,89
3,trig_poly,XBART-GP,8.040461752490764,0.6936936936936937,12.537846130452797,Exterior,111
3,trig_poly,jackknife+ XBART,7.458360374365908,0.705,9.631416621600733,Overall,200
3,trig_poly,jackknife+ XBART,3.9562826636232384,0.8426966292134831,9.60341821332549,Interior,89
3,trig_poly,jackknife+ XBART,9.363714007216723,0.5945945945945946,9.653865795803407,Exterior,111
3,trig_poly,jackknife+ RF,8.536021871619196,0.685,12.915250244900848,Overall,200
3,trig_poly,jackknife+ RF,5.061326257996253,0.797752808988764,12.88689717755613,Interior,89
3,trig_poly,jackknife+ RF,10.523598016210109,0.5945945945945946,12.937983785384452,Exterior,111
3,trig_poly,CV+ XBART,7.421342063847878,0.69,9.126556545554749,Overall,200
3,trig_poly,CV+ XBART,3.9033299482767254,0.8089887640449438,9.085921249248322,Interior,89
3,trig_poly,CV+ XBART,9.328470886906372,0.5945945945945946,9.159137999349994,Exterior,111
3,trig_poly,CV+ RF,8.53438505183732,0.71,13.319397791127011,Overall,200
3,trig_poly,CV+ RF,5.076035453572922,0.8089887640449438,13.266004678377973,Interior,89
3,trig_poly,CV+ RF,10.515522436802334,0.6306306306306306,13.362208485132994,Exterior,111
4,trig_poly,XBART,7.454729290074316,0.665,9.922428240412327,Overall,200
4,trig_poly,XBART,4.124521081921263,0.8085106382978723,9.488674347056737,Interior,94
4,trig_poly,XBART,9.474643612089938,0.5377358490566038,10.307077919425772,Exterior,106
4,trig_poly,XBART-GP,6.57072814864303,0.745,10.77160607639189,Overall,200
4,trig_poly,XBART-GP,3.752157043270336,0.8617021276595744,9.902122698644884,Interior,94
4,trig_poly,XBART-GP,8.305202692994037,0.6415094339622641,11.542657373639235,Exterior,106
4,trig_poly,jackknife+ XBART,7.739079949242594,0.635,9.533767189204621,Overall,200
4,trig_poly,jackknife+ XBART,4.445455416812002,0.7872340425531915,9.515768900204636,Interior,94
4,trig_poly,jackknife+ XBART,9.771462468053173,0.5,9.549727936053667,Exterior,106
4,trig_poly,jackknife+ RF,8.906067116669183,0.655,13.699210994025943,Overall,200
4,trig_poly,jackknife+ RF,5.941987573789936,0.7553191489361702,13.60366977183687,Interior,94
4,trig_poly,jackknife+ RF,10.878717305500798,0.5660377358490566,13.783936228797385,Exterior,106
4,trig_poly,CV+ XBART,7.740566780500768,0.66,10.280204010386763,Overall,200
4,trig_poly,CV+ XBART,4.384945153918971,0.7978723404255319,10.217967709947226,Interior,94
4,trig_poly,CV+ XBART,9.797894883840698,0.5377358490566038,10.335394691908615,Exterior,106
4,trig_poly,CV+ RF,8.968327274396259,0.665,13.517592889529267,Overall,200
4,trig_poly,CV+ RF,6.015428854698987,0.7659574468085106,13.425043053030368,Interior,94
4,trig_poly,CV+ RF,10.939263149694987,0.5754716981132075,13.599665386047159,Exterior,106
5,trig_poly,XBART,8.885181432833702,0.63,10.297091233028143,Overall,200
5,trig_poly,XBART,4.649847931233434,0.8,9.696987656816262,Interior,90
5,trig_poly,XBART,11.218244919590475,0.4909090909090909,10.788085068110593,Exterior,110
5,trig_poly,XBART-GP,7.9470022637877005,0.705,10.995503511277775,Overall,200
5,trig_poly,XBART-GP,4.377558554692955,0.8444444444444444,9.958289206161224,Interior,90
5,trig_poly,XBART-GP,9.957316768519554,0.5909090909090909,11.844133397282226,Exterior,110
5,trig_poly,jackknife+ XBART,8.86402769340428,0.61,9.790604245979551,Overall,200
5,trig_poly,jackknife+ XBART,4.620482894083809,0.8,9.673329706373375,Interior,90
5,trig_poly,jackknife+ XBART,11.197726958539683,0.45454545454545453,9.886556142020973,Exterior,110
5,trig_poly,jackknife+ RF,9.920020688041399,0.64,12.605279226958503,Overall,200
5,trig_poly,jackknife+ RF,5.3620206432160264,0.8111111111111111,12.52699156719046,Interior,90
5,trig_poly,jackknife+ RF,12.465861822006364,0.5,12.66933276676872,Exterior,110
5,trig_poly,CV+ XBART,8.917582670648095,0.605,9.795533285703657,Overall,200
5,trig_poly,CV+ XBART,4.639658079662519,0.7888888888888889,9.660946580942001,Interior,90
5,trig_poly,CV+ XBART,11.268329592636913,0.45454545454545453,9.905649680508647,Exterior,110
5,trig_poly,CV+ RF,10.03523162983237,0.65,13.250032531282718,Overall,200
5,trig_poly,CV+ RF,5.400191053317155,0.8222222222222222,13.15497617427514,Interior,90
5,trig_poly,CV+ RF,12.619101345964022,0.509090909090909,13.327805914288918,Exterior,110
6,trig_poly,XBART,8.903482804691436,0.675,11.47555558670443,Overall,200
6,trig_poly,XBART,5.828862497678156,0.6785714285714286,11.317098530824863,Interior,56
6,trig_poly,XBART,9.843132646159484,0.6736111111111112,11.537177775102045,Exterior,144
6,trig_poly,XBART-GP,7.407973356314229,0.765,13.380249818048723,Overall,200
6,trig_poly,XBART-GP,5.300081407733158,0.7142857142857143,12.064652938941432,Interior,56
6,trig_poly,XBART-GP,8.080551723106353,0.7847222222222222,13.891870826590447,Exterior,144
6,trig_poly,jackknife+ XBART,8.468624378737527,0.64,9.012534361011213,Overall,200
6,trig_poly,jackknife+ XBART,5.357442103573873,0.6607142857142857,8.981008191936853,Interior,56
6,trig_poly,jackknife+ XBART,9.404563521242896,0.6319444444444444,9.024794537873465,Exterior,144
6,trig_poly,jackknife+ RF,9.721397427756099,0.645,13.182312897229258,Overall,200
6,trig_poly,jackknife+ RF,6.065626095482442,0.6964285714285714,13.037516892673684,Interior,56
6,trig_poly,jackknife+ RF,10.814333233666712,0.625,13.238622454556426,Exterior,144
6,trig_poly,CV+ XBART,8.478230071872938,0.675,9.833078044447634,Overall,200
6,trig_poly,CV+ XBART,5.279323988250987,0.7142857142857143,9.749997066549838,Interior,56
6,trig_poly,CV+ XBART,9.433718473821589,0.6597222222222222,9.86538731363011,Exterior,144
6,trig_poly,CV+ RF,9.772322096101657,0.67,14.303846625087473,Overall,200
6,trig_poly,CV+ RF,6.235749430041208,0.7142857142857143,14.220196946183345,Interior,56
6,trig_poly,CV+ RF,10.840420712595117,0.6527777777777778,14.336377055772415,Exterior,144
7,trig_poly,XBART,7.826956465131631,0.625,9.27782178497994,Overall,200
7,trig_poly,XBART,4.391389447418988,0.6792452830188679,8.866389260477007,Interior,106
7,trig_poly,XBART,10.420986173495567,0.5638297872340425,9.741777610483249,Exterior,94
7,trig_poly,XBART-GP,7.080628828694619,0.69,10.01761017383808,Overall,200
7,trig_poly,XBART-GP,4.238957214364579,0.7075471698113207,9.072115964767528,Interior,106
7,trig_poly,XBART-GP,9.295602109208392,0.6702127659574468,11.083805771300616,Exterior,94
7,trig_poly,jackknife+ XBART,7.832529970972864,0.68,10.071988509371346,Overall,200
7,trig_poly,jackknife+ XBART,4.376342878207049,0.7735849056603774,10.037460785449507,Interior,106
7,trig_poly,jackknife+ XBART,10.437021457267006,0.574468085106383,10.110924027836399,Exterior,94
7,trig_poly,jackknife+ RF,9.09573620885206,0.675,13.726637029903932,Overall,200
7,trig_poly,jackknife+ RF,5.955301258516958,0.7358490566037735,13.663585857375233,Interior,106
7,trig_poly,jackknife+ RF,11.663330629815533,0.6063829787234043,13.797737288287356,Exterior,94
7,trig_poly,CV+ XBART,7.957996368323729,0.68,9.885390891591038,Overall,200
7,trig_poly,CV+ XBART,4.562411944482184,0.7641509433962265,9.813060474435753,Interior,106
7,trig_poly,CV+ XBART,10.548513734185615,0.5851063829787234,9.966954979021471,Exterior,94
7,trig_poly,CV+ RF,9.11850082013391,0.65,12.883600727318624,Overall,200
7,trig_poly,CV+ RF,5.951048219569312,0.6886792452830188,12.769883739149382,Interior,106
7,trig_poly,CV+ RF,11.70352924618041,0.6063829787234043,13.011834777807346,Exterior,94
8,trig_poly,XBART,7.461362993780035,0.755,12.39082654874102,Overall,200
8,trig_poly,XBART,4.268042165771188,0.8627450980392157,12.275417590660753,Interior,102
8,trig_poly,XBART,9.729157095992099,0.6428571428571429,12.510946076538849,Exterior,98
8,trig_poly,XBART-GP,6.307201314000962,0.835,13.72186427091074,Overall,200
8,trig_poly,XBART-GP,3.908430292944772,0.9019607843137255,12.916775663983861,Interior,102
8,trig_poly,XBART-GP,8.07997227520794,0.7653061224489796,14.559813637304018,Exterior,98
8,trig_poly,jackknife+ XBART,7.293826442995422,0.675,9.551090789290516,Overall,200
8,trig_poly,jackknife+ XBART,4.071677610102997,0.7843137254901961,9.540686768773588,Interior,102
8,trig_poly,jackknife+ XBART,9.555940487533276,0.5612244897959183,9.561919463706095,Exterior,98
8,trig_poly,jackknife+ RF,8.43309129806464,0.715,13.910235599262009,Overall,200
8,trig_poly,jackknife+ RF,5.47309613843223,0.8137254901960784,13.876461487213348,Interior,102
8,trig_poly,jackknife+ RF,10.675175318335475,0.6122448979591837,13.945388246496329,Exterior,98
8,trig_poly,CV+ XBART,7.4588645531779045,0.68,10.502608461605176,Overall,200
8,trig_poly,CV+ XBART,4.280852151406536,0.7843137254901961,10.50095165752631,Interior,102
8,trig_poly,CV+ XBART,9.719384785700784,0.5714285714285714,10.50433289034032,Exterior,98
8,trig_poly,CV+ RF,8.500203687968881,0.72,13.464078138009143,Overall,200
8,trig_poly,CV+ RF,5.590020060734574,0.8137254901960784,13.4605529818403,Interior,102
8,trig_poly,CV+ RF,10.720647383214349,0.6224489795918368,13.467747178103247,Exterior,98
9,trig_poly,XBART,7.501876121256513,0.745,12.80486198646917,Overall,200
9,trig_poly,XBART,4.042313772140884,0.898876404494382,12.59587371243691,Interior,89
9,trig_poly,XBART,9.396828251288916,0.6216216216216216,12.972429161143687,Exterior,111
9,trig_poly,XBART-GP,6.780485221073338,0.815,13.735183989315006,Overall,200
9,trig_poly,XBART-GP,3.692491184244778,0.9213483146067416,12.812947564601847,Interior,89
9,trig_poly,XBART-GP,8.479719449012276,0.7297297297297297,14.474634816337266,Exterior,111
9,trig_poly,jackknife+ XBART,7.485094658436992,0.69,10.601491166712194,Overall,200
9,trig_poly,jackknife+ XBART,3.901786113812236,0.8426966292134831,10.656975564250981,Interior,89
9,trig_poly,jackknife+ XBART,9.420314547365951,0.5675675675675675,10.557003676793716,Exterior,111
9,trig_poly,jackknife+ RF,8.87048148545159,0.735,14.679731282783587,Overall,200
9,trig_poly,jackknife+ RF,4.893252245298126,0.8764044943820225,14.61256645420248,Interior,89
9,trig_poly,jackknife+ RF,11.071463072189765,0.6216216216216216,14.733584163357621,Exterior,111
9,trig_poly,CV+ XBART,7.579590188087191,0.695,11.581259718675051,Overall,200
9,trig_poly,CV+ XBART,3.9810018129509714,0.8426966292134831,11.563796608847952,Interior,89
9,trig_poly,CV+ XBART,9.529249457687772,0.5765765765765766,11.595261671599479,Exterior,111
9,trig_poly,CV+ RF,8.823000010314829,0.725,14.484373398443081,Overall,200
9,trig_poly,CV+ RF,4.876468288390044,0.8539325842696629,14.553000672549299,Interior,89
9,trig_poly,CV+ RF,11.008862487277463,0.6216216216216216,14.429347926411968,Exterior,111
0,max,XBART,1.411832800133718,0.815,3.775365312369911,Overall,200
0,max,XBART,1.2810430395162131,0.835820895522388,3.753571781672035,Interior,67
0,max,XBART,1.4733282767627494,0.8045112781954887,3.7863440082853823,Exterior,133
0,max,XBART-GP,1.1642126136855684,0.92,4.073330382770194,Overall,200
0,max,XBART-GP,1.1924445901116383,0.8656716417910447,3.912566484130146,Interior,67
0,max,XBART-GP,1.1497279417987472,0.9473684210526315,4.154316707649016,Exterior,133
0,max,jackknife+ XBART,1.4076205134289912,0.85,3.9456112685748814,Overall,200
0,max,jackknife+ XBART,1.2884895271937484,0.8656716417910447,3.941691105343841,Interior,67
0,max,jackknife+ XBART,1.4639665693010269,0.8421052631578947,3.9475860876461577,Exterior,133
0,max,jackknife+ RF,1.1847190668112129,0.895,3.74644398512113,Overall,200
0,max,jackknife+ RF,1.1417806450306414,0.8656716417910447,3.7270925732110203,Interior,67
0,max,jackknife+ RF,1.20577067883457,0.9097744360902256,3.7561924407450196,Exterior,133
0,max,CV+ XBART,1.396136548948451,0.865,4.036016013224056,Overall,200
0,max,CV+ XBART,1.2757200530248602,0.8805970149253731,4.038338444080693,Interior,67
0,max,CV+ XBART,1.4530225739769673,0.8571428571428571,4.034846066852667,Exterior,133
0,max,CV+ RF,1.2009575056333317,0.875,3.6802157164319844,Overall,200
0,max,CV+ RF,1.1562210856323734,0.8507462686567164,3.676943980799558,Interior,67
0,max,CV+ RF,1.2228741681611546,0.8872180451127819,3.6818638840062143,Exterior,133
1,max,XBART,1.442515070727207,0.805,3.6203767308854253,Overall,200
1,max,XBART,1.4055249016130256,0.81,3.612685865665299,Interior,100
1,max,XBART,1.4785801329302153,0.8,3.628067596105551,Exterior,100
1,max,XBART-GP,1.1694340094800908,0.885,3.9451641255725995,Overall,200
1,max,XBART-GP,1.2051365763014972,0.88,3.799312638541977,Interior,100
1,max,XBART-GP,1.1326065678414847,0.89,4.091015612603224,Exterior,100
1,max,jackknife+ XBART,1.41595678055105,0.795,3.674554920755727,Overall,200
1,max,jackknife+ XBART,1.3862669763694084,0.81,3.674582196007255,Interior,100
1,max,jackknife+ XBART,1.4450367050717456,0.78,3.6745276455041993,Exterior,100
1,max,jackknife+ RF,1.2115949277474711,0.915,3.9423220471718197,Overall,200
1,max,jackknife+ RF,1.1965864896602452,0.91,3.944067492844708,Interior,100
1,max,jackknife+ RF,1.226419712272015,0.92,3.94057660149893,Exterior,100
1,max,CV+ XBART,1.4303901383584277,0.805,3.790078553058147,Overall,200
1,max,CV+ XBART,1.400257864521906,0.82,3.7931726439796005,Interior,100
1,max,CV+ XBART,1.4599006160251577,0.79,3.786984462136695,Exterior,100
1,max,CV+ RF,1.2122660044272524,0.905,3.814065220825748,Overall,200
1,max,CV+ RF,1.196651687197136,0.91,3.808338400129136,Interior,100
1,max,CV+ RF,1.227681746426279,0.9,3.8197920415223607,Exterior,100
2,max,XBART,1.2718250032186758,0.82,3.3822110679390676,Overall,200
2,max,XBART,1.2220205002644695,0.8064516129032258,3.348069853802636,Interior,93
2,max,XBART,1.3135800271158833,0.8317757009345794,3.411885207328676,Exterior,107
2,max,XBART-GP,1.1965208056248842,0.84,3.6033776535345665,Overall,200
2,max,XBART-GP,1.2043358451153312,0.8279569892473119,3.478552834538621,Interior,93
2,max,XBART-GP,1.1896865945206379,0.8504672897196262,3.7118702532226306,Exterior,107
2,max,jackknife+ XBART,1.2780993198466406,0.835,3.3416207017960313,Overall,200
2,max,jackknife+ XBART,1.230345193466255,0.8172043010752689,3.344019553152194,Interior,93
2,max,jackknife+ XBART,1.3182007343470292,0.8504672897196262,3.3395357188416086,Exterior,107
2,max,jackknife+ RF,1.171076449794448,0.86,3.490472637932309,Overall,200
2,max,jackknife+ RF,1.1180612526355818,0.8817204301075269,3.4863790750206687,Interior,93
2,max,jackknife+ RF,1.2152779019156594,0.8411214953271028,3.4940305944816776,Exterior,107
2,max,CV+ XBART,1.284919643592896,0.83,3.4262675910278038,Overall,200
2,max,CV+ XBART,1.235052013699603,0.8172043010752689,3.424829085437968,Interior,93
2,max,CV+ XBART,1.3267408763887296,0.8411214953271028,3.4275178809329874,Exterior,107
2,max,CV+ RF,1.1598194690220631,0.87,3.4875553799118126,Overall,200
2,max,CV+ RF,1.1075726864211166,0.8709677419354839,3.4773357195287615,Interior,93
2,max,CV+ RF,1.2033890436248902,0.8691588785046729,3.496437888469043,Exterior,107
3,max,XBART,1.573717443243616,0.795,3.9226904481749307,Overall,200
3,max,XBART,1.2413576852940824,0.8823529411764706,3.91972777192688,Interior,85
3,max,XBART,1.7799241837604423,0.7304347826086957,3.924880252358272,Exterior,115
3,max,XBART-GP,1.2492908805090537,0.9,4.282634183446303,Overall,200
3,max,XBART-GP,1.153087821819995,0.9058823529411765,4.036997490893772,Interior,85
3,max,XBART-GP,1.3158847617514202,0.8956521739130435,4.464191738811218,Exterior,115
3,max,jackknife+ XBART,1.5245793346029748,0.83,3.953830233130424,Overall,200
3,max,jackknife+ XBART,1.2025460402421293,0.9058823529411765,3.9531557031150775,Interior,85
3,max,jackknife+ XBART,1.7243738278575662,0.7739130434782608,3.9543287987939393,Exterior,115
3,max,jackknife+ RF,1.253373914731809,0.885,3.879427425121106,Overall,200
3,max,jackknife+ RF,1.1240711616332395,0.9294117647058824,3.871974399326009,Interior,85
3,max,jackknife+ RF,1.3409557786396418,0.8521739130434782,3.884936183317483,Exterior,115
3,max,CV+ XBART,1.5163773610222155,0.82,3.9647555984197256,Overall,200
3,max,CV+ XBART,1.19218848217473,0.9058823529411765,3.9695630166049134,Interior,85
3,max,CV+ XBART,1.7170966981876135,0.7565217391304347,3.9612022893263257,Exterior,115
3,max,CV+ RF,1.2547861993172564,0.88,3.9601987777678778,Overall,200
3,max,CV+ RF,1.130714051710287,0.9176470588235294,3.9472459467566563,Interior,85
3,max,CV+ RF,1.3391235567467779,0.8521739130434782,3.9697726093848678,Exterior,115
4,max,XBART,1.228144362369533,0.85,3.620870146815406,Overall,200
4,max,XBART,1.151491720857542,0.8775510204081632,3.635142129518662,Interior,98
4,max,XBART,1.2975325868063021,0.8235294117647058,3.607157849708355,Exterior,102
4,max,XBART-GP,1.1227687696981583,0.9,3.8615516178518594,Overall,200
4,max,XBART-GP,1.0851350264565343,0.8877551020408163,3.7431568892292115,Interior,98
4,max,XBART-GP,1.1577749769891474,0.9117647058823529,3.975303415940286,Exterior,102
4,max,jackknife+ XBART,1.2050196701288192,0.88,3.8619627007664104,Overall,200
4,max,jackknife+ XBART,1.1354635914433677,0.8877551020408163,3.861461192154697,Interior,98
4,max,jackknife+ XBART,1.2682598834666798,0.8725490196078431,3.8624445423737432,Exterior,102
4,max,jackknife+ RF,1.033599263904569,0.915,3.690938565760451,Overall,200
4,max,jackknife+ RF,1.0580086292902577,0.9081632653061225,3.678557072598877,Interior,98
4,max,jackknife+ RF,1.0095913861016852,0.9215686274509803,3.7028345101705895,Exterior,102
4,max,CV+ XBART,1.2172965145979322,0.885,3.8834163160516253,Overall,200
4,max,CV+ XBART,1.1402958039324007,0.8979591836734694,3.8812149426074756,Interior,98
4,max,CV+ XBART,1.286945227458595,0.8725490196078431,3.8855313611254165,Exterior,102
4,max,CV+ RF,1.0461980951001333,0.925,3.683354546100826,Overall,200
4,max,CV+ RF,1.0766697947648323,0.9183673469387755,3.6763336715997954,Interior,98
4,max,CV+ RF,1.0160609341589941,0.9313725490196079,3.6901000921900504,Exterior,102
5,max,XBART,1.6537565948724748,0.755,3.6491211466201334,Overall,200
5,max,XBART,1.3875030337859608,0.7764705882352941,3.656239994210625,Interior,85
5,max,XBART,1.8257653027222043,0.7391304347826086,3.643859389705423,Exterior,115
5,max,XBART-GP,1.5023737698636028,0.81,3.862692354309173,Overall,200
5,max,XBART-GP,1.2978174200447512,0.8117647058823529,3.7100138748422093,Interior,85
5,max,XBART-GP,1.6372228185830748,0.808695652173913,3.975541665219539,Exterior,115
5,max,jackknife+ XBART,1.6375515548907176,0.77,3.838398948671988,Overall,200
5,max,jackknife+ XBART,1.371568579881424,0.8235294117647058,3.8445631491153063,Interior,85
5,max,jackknife+ XBART,1.8091866719197238,0.7304347826086957,3.8338428005182315,Exterior,115
5,max,jackknife+ RF,1.4743006294281071,0.86,3.9650679651171354,Overall,200
5,max,jackknife+ RF,1.2477954694261477,0.9176470588235294,3.959817332217188,Interior,85
5,max,jackknife+ RF,1.6215076689067378,0.8173913043478261,3.968948867695357,Exterior,115
5,max,CV+ XBART,1.6316231746525314,0.775,3.8762729730499323,Overall,200
5,max,CV+ XBART,1.3718362777305926,0.8235294117647058,3.8793495830187585,Interior,85
5,max,CV+ XBART,1.7996965471659845,0.7391304347826086,3.8739989569860165,Exterior,115
5,max,CV+ RF,1.4773857821848693,0.85,3.903021534000434,Overall,200
5,max,CV+ RF,1.249942543068989,0.9058823529411765,3.903597417921272,Interior,85
5,max,CV+ RF,1.6251647654197998,0.808695652173913,3.90259588066764,Exterior,115
6,max,XBART,1.3281332449378986,0.81,3.3672558327444424,Overall,200
6,max,XBART,1.1099597505972676,0.8842105263157894,3.343219853404962,Interior,95
6,max,XBART,1.498400962635993,0.7428571428571429,3.3890026711944494,Exterior,105
6,max,XBART-GP,1.1844587622993967,0.85,3.6204432814488756,Overall,200
6,max,XBART-GP,1.0704686226468532,0.8736842105263158,3.458444150751222,Interior,95
6,max,XBART-GP,1.278867505221769,0.8285714285714286,3.7670139235086584,Exterior,105
6,max,jackknife+ XBART,1.320733107012471,0.83,3.5929313540673924,Overall,200
6,max,jackknife+ XBART,1.102509122129496,0.8947368421052632,3.596411272855567,Interior,95
6,max,jackknife+ XBART,1.49089996271278,0.7714285714285715,3.5897828561161873,Exterior,105
6,max,jackknife+ RF,1.2392251514675814,0.865,3.600862955383046,Overall,200
6,max,jackknife+ RF,1.0509338755128141,0.9052631578947369,3.587630604298061,Interior,95
6,max,jackknife+ RF,1.3877419280784833,0.8285714285714286,3.612835082555175,Exterior,105
6,max,CV+ XBART,1.3354381592046278,0.825,3.6730072768714717,Overall,200
6,max,CV+ XBART,1.0984250806143174,0.9052631578947369,3.6687512434103082,Interior,95
6,max,CV+ XBART,1.518325951354147,0.7523809523809524,3.6768579738125253,Exterior,105
6,max,CV+ RF,1.24015039123508,0.86,3.507059401533703,Overall,200
6,max,CV+ RF,1.044458175306559,0.9052631578947369,3.485548891668263,Interior,95
6,max,CV+ RF,1.393726676010545,0.819047619047619,3.5265212914119584,Exterior,105
7,max,XBART,1.4158681391561965,0.785,3.4854826246268624,Overall,200
7,max,XBART,1.1765900357048784,0.8863636363636364,3.490221308680532,Interior,88
7,max,XBART,1.5786309496708284,0.7053571428571429,3.481759372870407,Exterior,112
7,max,XBART-GP,1.217374228390592,0.865,3.7340725041120497,Overall,200
7,max,XBART-GP,1.1421553181958561,0.875,3.5604803615669494,Interior,88
7,max,XBART-GP,1.2733615191695755,0.8571428571428571,3.8704663303974867,Exterior,112
7,max,jackknife+ XBART,1.4012068688950152,0.79,3.4182139030567136,Overall,200
7,max,jackknife+ XBART,1.1621598834849491,0.8522727272727273,3.415941299601481,Interior,88
7,max,jackknife+ XBART,1.5635980871366861,0.7410714285714286,3.419999520057254,Exterior,112
7,max,jackknife+ RF,1.1807732761834504,0.865,3.5534368528773355,Overall,200
7,max,jackknife+ RF,1.0587276475235596,0.8863636363636364,3.54720406901258,Interior,88
7,max,jackknife+ RF,1.2684549571311012,0.8482142857142857,3.5583340401996435,Exterior,112
7,max,CV+ XBART,1.4164607998803171,0.815,3.62826583089271,Overall,200
7,max,CV+ XBART,1.173312817873826,0.8977272727272727,3.624736976230073,Interior,88
7,max,CV+ XBART,1.5814942591802787,0.75,3.631038502413354,Exterior,112
7,max,CV+ RF,1.1754369244925793,0.875,3.6397306809221397,Overall,200
7,max,CV+ RF,1.0599640005712614,0.8863636363636364,3.6311395322511406,Interior,88
7,max,CV+ RF,1.2587561484865293,0.8660714285714286,3.6464808691636392,Exterior,112
8,max,XBART,1.2031043341132612,0.85,3.514725685310008,Overall,200
8,max,XBART,1.0967353777376299,0.8764044943820225,3.5228506266369166,Interior,89
8,max,XBART,1.2820320028432581,0.8288288288288288,3.5082110927145584,Exterior,111
8,max,XBART-GP,1.1457278826170134,0.885,3.710041059287728,Overall,200
8,max,XBART-GP,1.045855978573837,0.8876404494382022,3.5893340161672516,Interior,89
8,max,XBART-GP,1.2199134713682416,0.8828828828828829,3.8068241839518926,Exterior,111
8,max,jackknife+ XBART,1.2099561499044076,0.855,3.579073457509244,Overall,200
8,max,jackknife+ XBART,1.099534339125296,0.8764044943820225,3.577719049735634,Interior,89
8,max,jackknife+ XBART,1.2916918650450042,0.8378378378378378,3.5801594241025,Exterior,111
8,max,jackknife+ RF,1.1756330525328595,0.875,3.580628804084704,Overall,200
8,max,jackknife+ RF,1.1355228451929225,0.8764044943820225,3.5747927774342734,Interior,89
8,max,jackknife+ RF,1.2068309147244562,0.8738738738738738,3.585308140768382,Exterior,111
8,max,CV+ XBART,1.2140070399574459,0.86,3.754772452360326,Overall,200
8,max,CV+ XBART,1.103812893595815,0.8764044943820225,3.7559648519101203,Interior,89
8,max,CV+ XBART,1.2956085222023175,0.8468468468468469,3.7538163842528336,Exterior,111
8,max,CV+ RF,1.1580652275338077,0.885,3.7041512513770103,Overall,200
8,max,CV+ RF,1.118491393341066,0.8876404494382022,3.6963771844160367,Interior,89
8,max,CV+ RF,1.1888444215626135,0.8828828828828829,3.7103845122736456,Exterior,111
9,max,XBART,1.233026694237925,0.795,3.3964126370381225,Overall,200
9,max,XBART,1.1033003034659241,0.8476190476190476,3.361817263788159,Interior,105
9,max,XBART,1.3621092466415965,0.7368421052631579,3.4346496285249235,Exterior,95
9,max,XBART-GP,1.1372042804909184,0.85,3.5022669591143005,Overall,200
9,max,XBART-GP,1.10273046460672,0.8476190476190476,3.429526736091557,Interior,105
9,max,XBART-GP,1.1741298904579216,0.8526315789473684,3.582664047718385,Exterior,95
9,max,jackknife+ XBART,1.3001158684195937,0.835,3.568436361696645,Overall,200
9,max,jackknife+ XBART,1.155159943635453,0.8857142857142857,3.5643847480279285,Interior,105
9,max,jackknife+ XBART,1.4434929575180562,0.7789473684210526,3.5729144610146997,Exterior,95
9,max,jackknife+ RF,1.1465737906414635,0.85,3.5237125655284762,Overall,200
9,max,jackknife+ RF,1.0955875601374372,0.8952380952380953,3.5114083991131166,Interior,105
9,max,jackknife+ RF,1.2004101087578238,0.8,3.537311907355979,Exterior,95
9,max,CV+ XBART,1.2935485109886733,0.845,3.6094581511681576,Overall,200
9,max,CV+ XBART,1.1560631795378877,0.8952380952380953,3.614500302234659,Interior,105
9,max,CV+ XBART,1.4302113652127804,0.7894736842105263,3.603885247357813,Exterior,95
9,max,CV+ RF,1.1415777818471864,0.88,3.58563317050192,Overall,200
9,max,CV+ RF,1.0880661703180488,0.9333333333333333,3.5679125589563507,Interior,105
9,max,CV+ RF,1.1979444119755045,0.8210526315789474,3.605219109578603,Exterior,95
