itrial,dgp,method,rmse,coverage,width,coverage_type,size
0,single_index,XBART,7.04558729700895,0.694736842105263,15.2362295112255,Interior,95
0,single_index,XBART,16.3333923210865,0.142857142857143,15.3379428418783,Exterior,105
0,single_index,XBART-GP,6.53082194744793,0.736842105263158,15.4852381059155,Interior,95
0,single_index,XBART-GP,13.7069108343686,0.238095238095238,15.9347316193315,Exterior,105
0,single_index,Jackknife+ XBART,6.85173485786596,0.789473684210526,16.5483224129633,Interior,95
0,single_index,Jackknife+ XBART,15.7136829298654,0.238095238095238,16.5939127561512,Exterior,105
0,single_index,Jackknife+ XBART-GP,7.01335176577611,0.768421052631579,17.2994496795391,Interior,95
0,single_index,Jackknife+ XBART-GP,17.0197084299617,0.238095238095238,17.3651623335145,Exterior,105
0,single_index,CV+ XBART,6.89492756964191,0.810526315789474,18.5262093000772,Interior,95
0,single_index,CV+ XBART,15.9182107817473,0.228571428571429,18.5824052757083,Exterior,105
0,single_index,CV+ XBART-GP,6.62509281055198,0.863157894736842,19.3099405139678,Interior,95
0,single_index,CV+ XBART-GP,14.9048700375295,0.371428571428571,19.8797026228135,Exterior,105
1,single_index,XBART,8.78886548975666,0.63963963963964,16.5907540575515,Interior,111
1,single_index,XBART,16.4375933290661,0.224719101123596,16.602965782847,Exterior,89
1,single_index,XBART-GP,7.44558483415034,0.747747747747748,17.2589463616984,Interior,111
1,single_index,XBART-GP,13.4908818560621,0.292134831460674,17.834927669046,Exterior,89
1,single_index,Jackknife+ XBART,7.23803400699608,0.756756756756757,17.8442104377016,Interior,111
1,single_index,Jackknife+ XBART,14.7075961506506,0.314606741573034,17.8167455985527,Exterior,89
1,single_index,Jackknife+ XBART-GP,7.42206103799371,0.792792792792793,18.3760541027362,Interior,111
1,single_index,Jackknife+ XBART-GP,16.2584690547505,0.359550561797753,18.316043078497,Exterior,89
1,single_index,CV+ XBART,7.77885614846619,0.792792792792793,19.8357493335959,Interior,111
1,single_index,CV+ XBART,15.4867635976081,0.325842696629214,19.8415888127114,Exterior,89
1,single_index,CV+ XBART-GP,7.47628936624004,0.846846846846847,20.1559205257701,Interior,111
1,single_index,CV+ XBART-GP,15.0937888635552,0.404494382022472,20.7075543634928,Exterior,89
2,single_index,XBART,5.7868631166956,0.879518072289157,17.5815679234928,Interior,83
2,single_index,XBART,15.1887077649041,0.384615384615385,17.3811737523029,Exterior,117
2,single_index,XBART-GP,5.45783555001194,0.867469879518072,17.1201482726519,Interior,83
2,single_index,XBART-GP,12.5180219938515,0.521367521367521,18.5142099924186,Exterior,117
2,single_index,Jackknife+ XBART,4.54740736762443,0.939759036144579,16.7186288966478,Interior,83
2,single_index,Jackknife+ XBART,13.4311444027128,0.435897435897436,16.809279142123,Exterior,117
2,single_index,Jackknife+ XBART-GP,4.7925699721374,0.91566265060241,16.7420605009759,Interior,83
2,single_index,Jackknife+ XBART-GP,16.3270755727176,0.358974358974359,16.9160558434882,Exterior,117
2,single_index,CV+ XBART,4.28993893056064,0.951807228915663,18.1668254990682,Interior,83
2,single_index,CV+ XBART,13.3304340423674,0.461538461538462,17.9852752897739,Exterior,117
2,single_index,CV+ XBART-GP,3.77654206242944,1.0,18.5650488480899,Interior,83
2,single_index,CV+ XBART-GP,14.947487402208,0.487179487179487,19.1060495810895,Exterior,117
3,single_index,XBART,6.4367683764212,0.726190476190476,13.2325645051857,Interior,84
3,single_index,XBART,14.7160729786159,0.146551724137931,13.0480507355639,Exterior,116
3,single_index,XBART-GP,6.05612209804097,0.761904761904762,13.3337456865973,Interior,84
3,single_index,XBART-GP,12.0744204913451,0.293103448275862,13.9505344912294,Exterior,116
3,single_index,Jackknife+ XBART,5.30675037684634,0.857142857142857,16.5374135359109,Interior,84
3,single_index,Jackknife+ XBART,13.4046767242132,0.301724137931035,16.6106873923529,Exterior,116
3,single_index,Jackknife+ XBART-GP,5.31168546297065,0.880952380952381,16.7215633578271,Interior,84
3,single_index,Jackknife+ XBART-GP,15.9532340446347,0.293103448275862,16.7138303159491,Exterior,116
3,single_index,CV+ XBART,5.66149357000213,0.821428571428571,15.9086050796898,Interior,84
3,single_index,CV+ XBART,14.00673239427,0.21551724137931,16.1801827033565,Exterior,116
3,single_index,CV+ XBART-GP,5.56791990157578,0.857142857142857,17.6195102290538,Interior,84
3,single_index,CV+ XBART-GP,14.8259534840654,0.370689655172414,18.6623110553058,Exterior,116
4,single_index,XBART,5.56596850356298,0.708333333333333,12.6501533042354,Interior,72
4,single_index,XBART,13.9896766873878,0.2109375,12.4050434775563,Exterior,128
4,single_index,XBART-GP,5.10016643999896,0.777777777777778,12.6072483478814,Interior,72
4,single_index,XBART-GP,11.4529271590128,0.3359375,13.636452460071,Exterior,128
4,single_index,Jackknife+ XBART,5.0443030313276,0.819444444444444,15.0816976678286,Interior,72
4,single_index,Jackknife+ XBART,13.6243910082656,0.2890625,15.1415451229909,Exterior,128
4,single_index,Jackknife+ XBART-GP,4.97492696036749,0.833333333333333,15.5274914424115,Interior,72
4,single_index,Jackknife+ XBART-GP,15.9902843289171,0.265625,15.6657786342234,Exterior,128
4,single_index,CV+ XBART,5.02945700853393,0.861111111111111,16.7225377849386,Interior,72
4,single_index,CV+ XBART,13.7017326639739,0.34375,16.8768227805237,Exterior,128
4,single_index,CV+ XBART-GP,4.68040347285172,0.916666666666667,17.2930697033747,Interior,72
4,single_index,CV+ XBART-GP,14.9599376458017,0.4140625,18.3541834181803,Exterior,128
5,single_index,XBART,5.330406442097191,0.764044943820225,12.0792700575582,Interior,89
5,single_index,XBART,13.8754506242907,0.198198198198198,12.2647517435856,Exterior,111
5,single_index,XBART-GP,5.1126815825068,0.775280898876405,12.2216944824113,Interior,89
5,single_index,XBART-GP,12.5490204745006,0.27027027027027,12.9807356865267,Exterior,111
5,single_index,Jackknife+ XBART,5.32236816658733,0.842696629213483,14.4150580658287,Interior,89
5,single_index,Jackknife+ XBART,13.8233727609959,0.315315315315315,14.4248545522232,Exterior,111
5,single_index,Jackknife+ XBART-GP,5.598148347286,0.808988764044944,14.6343253490036,Interior,89
5,single_index,Jackknife+ XBART-GP,15.279471485199,0.306306306306306,14.6044350889023,Exterior,111
5,single_index,CV+ XBART,5.0941671509308,0.831460674157303,14.5434568458857,Interior,89
5,single_index,CV+ XBART,13.8087900506253,0.306306306306306,14.8496857380208,Exterior,111
5,single_index,CV+ XBART-GP,5.37708699101537,0.898876404494382,15.9218063373792,Interior,89
5,single_index,CV+ XBART-GP,13.7961983735235,0.414414414414414,17.1894253480857,Exterior,111
6,single_index,XBART,7.64755669433479,0.737864077669903,17.2800787402076,Interior,103
6,single_index,XBART,17.332817569235,0.22680412371134,17.7159438100834,Exterior,97
6,single_index,XBART-GP,7.0396734595823,0.83495145631068,17.3812939698523,Interior,103
6,single_index,XBART-GP,15.0645551744131,0.298969072164948,18.6831819225744,Exterior,97
6,single_index,Jackknife+ XBART,6.24985040494127,0.902912621359223,18.1636853895381,Interior,103
6,single_index,Jackknife+ XBART,14.8276744054125,0.298969072164948,18.2863095022628,Exterior,97
6,single_index,Jackknife+ XBART-GP,6.21011986155876,0.893203883495146,18.1818555027925,Interior,103
6,single_index,Jackknife+ XBART-GP,16.3440714761728,0.278350515463918,18.2456508943028,Exterior,97
6,single_index,CV+ XBART,6.60754443144781,0.893203883495146,20.0478722581614,Interior,103
6,single_index,CV+ XBART,15.6704262596482,0.319587628865979,20.0701401792088,Exterior,97
6,single_index,CV+ XBART-GP,6.21374345795315,0.912621359223301,19.5915360050438,Interior,103
6,single_index,CV+ XBART-GP,14.937956256454,0.402061855670103,19.9376441878045,Exterior,97
7,single_index,XBART,8.34042408428339,0.572916666666667,13.2117779459479,Interior,96
7,single_index,XBART,15.3564860587421,0.240384615384615,13.2630228401483,Exterior,104
7,single_index,XBART-GP,7.20484746914033,0.635416666666667,13.2072402286098,Interior,96
7,single_index,XBART-GP,12.5184271394427,0.278846153846154,14.0126771727155,Exterior,104
7,single_index,Jackknife+ XBART,7.13216851241011,0.697916666666667,14.0955776210003,Interior,96
7,single_index,Jackknife+ XBART,14.0466463110577,0.278846153846154,14.2333159655948,Exterior,104
7,single_index,Jackknife+ XBART-GP,7.88879273761641,0.645833333333333,14.7613290104977,Interior,96
7,single_index,Jackknife+ XBART-GP,15.6124534286671,0.346153846153846,14.8572777131805,Exterior,104
7,single_index,CV+ XBART,7.28783039529617,0.729166666666667,15.1023090021487,Interior,96
7,single_index,CV+ XBART,14.2226856226587,0.278846153846154,15.169891410831,Exterior,104
7,single_index,CV+ XBART-GP,7.93602377042321,0.708333333333333,16.4821526046579,Interior,96
7,single_index,CV+ XBART-GP,14.4776864187972,0.432692307692308,17.3933566486706,Exterior,104
8,single_index,XBART,5.70782677704693,0.778947368421053,14.971841391696,Interior,95
8,single_index,XBART,13.8300533719924,0.285714285714286,15.3169078420574,Exterior,105
8,single_index,XBART-GP,5.7774789038482,0.768421052631579,15.0455098318089,Interior,95
8,single_index,XBART-GP,11.8997070269753,0.457142857142857,15.7772111005105,Exterior,105
8,single_index,Jackknife+ XBART,5.45235704517131,0.894736842105263,18.4734027648604,Interior,95
8,single_index,Jackknife+ XBART,14.0348326874764,0.390476190476191,18.629503435383,Exterior,105
8,single_index,Jackknife+ XBART-GP,5.52823456350416,0.894736842105263,19.3051910055536,Interior,95
8,single_index,Jackknife+ XBART-GP,15.7799097118553,0.466666666666667,19.3681913500609,Exterior,105
8,single_index,CV+ XBART,5.51364115125587,0.926315789473684,18.7559960950159,Interior,95
8,single_index,CV+ XBART,14.5134666639791,0.371428571428571,18.8508311964769,Exterior,105
8,single_index,CV+ XBART-GP,5.44333910556581,0.947368421052632,19.9107089788918,Interior,95
8,single_index,CV+ XBART-GP,14.516478139068,0.542857142857143,20.4000133311063,Exterior,105
9,single_index,XBART,7.21590137828961,0.653465346534654,13.2886033610304,Interior,101
9,single_index,XBART,16.7215312101619,0.111111111111111,13.3059274340875,Exterior,99
9,single_index,XBART-GP,6.53522449172593,0.722772277227723,13.5914664094122,Interior,101
9,single_index,XBART-GP,14.3039823663532,0.202020202020202,13.9697143249685,Exterior,99
9,single_index,Jackknife+ XBART,5.985404763699529,0.801980198019802,15.4602131724075,Interior,101
9,single_index,Jackknife+ XBART,15.2009420377463,0.161616161616162,15.3730226144886,Exterior,99
9,single_index,Jackknife+ XBART-GP,6.60641060851306,0.762376237623762,15.8484048485143,Interior,101
9,single_index,Jackknife+ XBART-GP,17.4221500796299,0.171717171717172,15.7482055257932,Exterior,99
9,single_index,CV+ XBART,5.97010299597102,0.772277227722772,13.6840217179825,Interior,101
9,single_index,CV+ XBART,15.055391302625,0.181818181818182,13.7942636750313,Exterior,99
9,single_index,CV+ XBART-GP,6.234935881564,0.782178217821782,14.7754978099041,Interior,101
9,single_index,CV+ XBART-GP,16.2783449491747,0.191919191919192,15.5874249680362,Exterior,99
0,trig_poly,XBART,6.65773491687353,0.733333333333333,14.0142197902405,Interior,90
0,trig_poly,XBART,11.1029563130012,0.645454545454546,14.0797379092723,Exterior,110
0,trig_poly,XBART-GP,6.37622196381768,0.7,14.0780857357525,Interior,90
0,trig_poly,XBART-GP,10.3703604521226,0.672727272727273,14.5518088176414,Exterior,110
0,trig_poly,Jackknife+ XBART,6.1782017965785,0.755555555555556,12.1899729272846,Interior,90
0,trig_poly,Jackknife+ XBART,10.1959052469512,0.663636363636364,12.1730008961369,Exterior,110
0,trig_poly,Jackknife+ XBART-GP,6.12950904623242,0.733333333333333,12.2113343052814,Interior,90
0,trig_poly,Jackknife+ XBART-GP,10.3664252092775,0.690909090909091,12.3790126255461,Exterior,110
0,trig_poly,CV+ XBART,6.18930458807587,0.766666666666667,13.5942977609435,Interior,90
0,trig_poly,CV+ XBART,10.2809946001352,0.709090909090909,13.5521752752724,Exterior,110
0,trig_poly,CV+ XBART-GP,6.03614109853238,0.777777777777778,13.1207922125363,Interior,90
0,trig_poly,CV+ XBART-GP,10.0557642767608,0.690909090909091,13.5457231837919,Exterior,110
1,trig_poly,XBART,4.8455657293184,0.808219178082192,13.4113081860326,Interior,73
1,trig_poly,XBART,8.77932074433179,0.62992125984252,13.2340173793071,Exterior,127
1,trig_poly,XBART-GP,4.61062477871551,0.863013698630137,13.4289558826257,Interior,73
1,trig_poly,XBART-GP,8.04148046651552,0.708661417322835,14.060790406787,Exterior,127
1,trig_poly,Jackknife+ XBART,4.8268228571896,0.863013698630137,13.9500871146426,Interior,73
1,trig_poly,Jackknife+ XBART,8.77117953032226,0.677165354330709,13.9196346977076,Exterior,127
1,trig_poly,Jackknife+ XBART-GP,4.97018084215378,0.849315068493151,13.7361749159111,Interior,73
1,trig_poly,Jackknife+ XBART-GP,9.082239063689,0.68503937007874,13.7633857616777,Exterior,127
1,trig_poly,CV+ XBART,4.66594758727584,0.835616438356164,12.7868896381504,Interior,73
1,trig_poly,CV+ XBART,8.59205155820589,0.645669291338583,12.7426014856284,Exterior,127
1,trig_poly,CV+ XBART-GP,4.8102482949503,0.808219178082192,12.0239054319861,Interior,73
1,trig_poly,CV+ XBART-GP,8.56069829713058,0.669291338582677,12.2231246164654,Exterior,127
2,trig_poly,XBART,4.94466700077798,0.873417721518987,13.5208387088301,Interior,79
2,trig_poly,XBART,10.3627449566176,0.619834710743802,13.7196738597361,Exterior,121
2,trig_poly,XBART-GP,4.86180345593322,0.835443037974684,13.7043452073339,Interior,79
2,trig_poly,XBART-GP,9.61623328331897,0.677685950413223,14.2092462495489,Exterior,121
2,trig_poly,Jackknife+ XBART,4.74203504828915,0.89873417721519,14.4920466155832,Interior,79
2,trig_poly,Jackknife+ XBART,10.3238867952493,0.636363636363636,14.423343934357,Exterior,121
2,trig_poly,Jackknife+ XBART-GP,4.91438172022365,0.911392405063291,14.3618768887851,Interior,79
2,trig_poly,Jackknife+ XBART-GP,10.6347664472101,0.603305785123967,14.362614343826,Exterior,121
2,trig_poly,CV+ XBART,4.8522613120415,0.886075949367089,14.4737271899672,Interior,79
2,trig_poly,CV+ XBART,10.3772868478085,0.636363636363636,14.4256478699499,Exterior,121
2,trig_poly,CV+ XBART-GP,4.98456111992505,0.89873417721519,14.4160540871221,Interior,79
2,trig_poly,CV+ XBART-GP,10.2095559060466,0.636363636363636,14.6813726449978,Exterior,121
3,trig_poly,XBART,5.40618761186207,0.858695652173913,14.8761822237529,Interior,92
3,trig_poly,XBART,8.85533199211385,0.731481481481482,15.249090160084,Exterior,108
3,trig_poly,XBART-GP,5.17474300076471,0.869565217391304,15.2689368182661,Interior,92
3,trig_poly,XBART-GP,8.14968914525484,0.777777777777778,15.7777632430627,Exterior,108
3,trig_poly,Jackknife+ XBART,5.33065897283752,0.869565217391304,14.2050468684303,Interior,92
3,trig_poly,Jackknife+ XBART,8.73693943483152,0.722222222222222,14.2231880873384,Exterior,108
3,trig_poly,Jackknife+ XBART-GP,5.36938562772331,0.858695652173913,14.351967792158,Interior,92
3,trig_poly,Jackknife+ XBART-GP,8.84084166784859,0.722222222222222,14.3588890540961,Exterior,108
3,trig_poly,CV+ XBART,5.29583215744048,0.880434782608696,14.7970531940562,Interior,92
3,trig_poly,CV+ XBART,8.72818547508155,0.75,14.7505467153534,Exterior,108
3,trig_poly,CV+ XBART-GP,5.19969599764671,0.869565217391304,14.5504070312027,Interior,92
3,trig_poly,CV+ XBART-GP,8.51902602903962,0.740740740740741,14.671431572719,Exterior,108
4,trig_poly,XBART,6.42472415091603,0.781609195402299,12.7562491257551,Interior,87
4,trig_poly,XBART,10.7954283431332,0.566371681415929,12.6638433764724,Exterior,113
4,trig_poly,XBART-GP,6.09136787043302,0.827586206896552,12.9856023996579,Interior,87
4,trig_poly,XBART-GP,9.95032576595348,0.619469026548673,13.2179441173748,Exterior,113
4,trig_poly,Jackknife+ XBART,6.42382497277947,0.804597701149425,12.3806164966362,Interior,87
4,trig_poly,Jackknife+ XBART,10.6313695772808,0.513274336283186,12.4151663635423,Exterior,113
4,trig_poly,Jackknife+ XBART-GP,6.57052622878482,0.816091954022989,12.1054807399301,Interior,87
4,trig_poly,Jackknife+ XBART-GP,10.8012805991479,0.52212389380531,12.263152344942,Exterior,113
4,trig_poly,CV+ XBART,6.41630297931125,0.827586206896552,12.6227481842003,Interior,87
4,trig_poly,CV+ XBART,10.616556816323,0.539823008849558,12.8266852255105,Exterior,113
4,trig_poly,CV+ XBART-GP,6.33797512740233,0.839080459770115,12.8635553851851,Interior,87
4,trig_poly,CV+ XBART-GP,10.2991635120035,0.557522123893805,13.0425101692763,Exterior,113
5,trig_poly,XBART,5.3740323431703,0.83495145631068,12.5822400651287,Interior,103
5,trig_poly,XBART,12.2366318154855,0.536082474226804,12.7115711993569,Exterior,97
5,trig_poly,XBART-GP,5.22758515278341,0.83495145631068,12.5518640563047,Interior,103
5,trig_poly,XBART-GP,10.9330008478898,0.597938144329897,12.9808443903319,Exterior,97
5,trig_poly,Jackknife+ XBART,5.12624018555644,0.844660194174757,11.3988853339419,Interior,103
5,trig_poly,Jackknife+ XBART,11.9495661386435,0.536082474226804,11.417544536844,Exterior,97
5,trig_poly,Jackknife+ XBART-GP,5.3997711298544,0.825242718446602,11.3424800201957,Interior,103
5,trig_poly,Jackknife+ XBART-GP,13.1157661520975,0.525773195876289,11.3917240994154,Exterior,97
5,trig_poly,CV+ XBART,5.14291435097088,0.854368932038835,12.3645336506008,Interior,103
5,trig_poly,CV+ XBART,12.2636619895427,0.536082474226804,12.3804454272478,Exterior,97
5,trig_poly,CV+ XBART-GP,5.17434089823804,0.844660194174757,11.9020668063291,Interior,103
5,trig_poly,CV+ XBART-GP,12.2572531035265,0.536082474226804,12.1445377904091,Exterior,97
6,trig_poly,XBART,6.74833602053702,0.673913043478261,13.0237848204872,Interior,92
6,trig_poly,XBART,10.4636490192435,0.611111111111111,12.9905762385834,Exterior,108
6,trig_poly,XBART-GP,6.59872799411965,0.641304347826087,13.1598116364524,Interior,92
6,trig_poly,XBART-GP,9.85804518559013,0.62037037037037,13.7389608850629,Exterior,108
6,trig_poly,Jackknife+ XBART,6.70066594543107,0.695652173913044,13.4644040224452,Interior,92
6,trig_poly,Jackknife+ XBART,10.2699410287165,0.62037037037037,13.4452454172904,Exterior,108
6,trig_poly,Jackknife+ XBART-GP,6.83967780556527,0.66304347826087,13.3478261077263,Interior,92
6,trig_poly,Jackknife+ XBART-GP,10.4727327008027,0.611111111111111,13.3435467928591,Exterior,108
6,trig_poly,CV+ XBART,6.64402263569796,0.684782608695652,12.9789662203162,Interior,92
6,trig_poly,CV+ XBART,10.2409511546792,0.62037037037037,13.0069652459119,Exterior,108
6,trig_poly,CV+ XBART-GP,6.78462709320759,0.684782608695652,13.4132020829871,Interior,92
6,trig_poly,CV+ XBART-GP,10.2797020880218,0.611111111111111,13.4369121839933,Exterior,108
7,trig_poly,XBART,5.86502416545714,0.784810126582278,13.5788610831628,Interior,79
7,trig_poly,XBART,11.8104339635,0.537190082644628,13.6628682861495,Exterior,121
7,trig_poly,XBART-GP,5.67169273664594,0.810126582278481,13.5155259510757,Interior,79
7,trig_poly,XBART-GP,11.1220133947971,0.56198347107438,13.8497711568107,Exterior,121
7,trig_poly,Jackknife+ XBART,6.07671565676192,0.772151898734177,13.2330389624066,Interior,79
7,trig_poly,Jackknife+ XBART,11.8827764150429,0.512396694214876,13.2485612973921,Exterior,121
7,trig_poly,Jackknife+ XBART-GP,5.96288016420684,0.784810126582278,13.2547380875685,Interior,79
7,trig_poly,Jackknife+ XBART-GP,12.1274946882677,0.504132231404959,13.377433217338,Exterior,121
7,trig_poly,CV+ XBART,6.09361780708801,0.784810126582278,13.4270405038608,Interior,79
7,trig_poly,CV+ XBART,11.8939883619978,0.504132231404959,13.4603637938403,Exterior,121
7,trig_poly,CV+ XBART-GP,5.85158931411244,0.79746835443038,13.7370802693777,Interior,79
7,trig_poly,CV+ XBART-GP,11.8151463280374,0.495867768595041,13.774713552785,Exterior,121
8,trig_poly,XBART,7.75209362937629,0.730769230769231,15.7220758517751,Interior,104
8,trig_poly,XBART,10.6451599388016,0.59375,15.7847257639857,Exterior,96
8,trig_poly,XBART-GP,7.44396147506285,0.730769230769231,15.8280862492882,Interior,104
8,trig_poly,XBART-GP,10.0216534019444,0.635416666666667,16.2971517225962,Exterior,96
8,trig_poly,Jackknife+ XBART,7.44472178463005,0.730769230769231,14.5960047321072,Interior,104
8,trig_poly,Jackknife+ XBART,10.2714685661588,0.625,14.6212454082547,Exterior,96
8,trig_poly,Jackknife+ XBART-GP,7.43578027098729,0.711538461538462,14.3052642294953,Interior,104
8,trig_poly,Jackknife+ XBART-GP,10.8323379967152,0.572916666666667,14.3216052103437,Exterior,96
8,trig_poly,CV+ XBART,7.50861205679019,0.730769230769231,15.135607305107,Interior,104
8,trig_poly,CV+ XBART,10.3565175743525,0.614583333333333,15.206141443001,Exterior,96
8,trig_poly,CV+ XBART-GP,7.2906915123788,0.701923076923077,14.2131773503909,Interior,104
8,trig_poly,CV+ XBART-GP,10.5636428559946,0.552083333333333,14.3223853158052,Exterior,96
9,trig_poly,XBART,4.423820813594,0.827956989247312,12.1089949915877,Interior,93
9,trig_poly,XBART,11.7946369704958,0.523364485981308,12.0133836797664,Exterior,107
9,trig_poly,XBART-GP,4.27455593398535,0.838709677419355,12.2955274680875,Interior,93
9,trig_poly,XBART-GP,10.5135561398216,0.598130841121495,12.7498359987102,Exterior,107
9,trig_poly,Jackknife+ XBART,4.45555513329129,0.806451612903226,11.4568037875989,Interior,93
9,trig_poly,Jackknife+ XBART,11.7032388326214,0.542056074766355,11.5029452228708,Exterior,107
9,trig_poly,Jackknife+ XBART-GP,4.47674152327928,0.795698924731183,11.2674579339088,Interior,93
9,trig_poly,Jackknife+ XBART-GP,12.6007561942982,0.532710280373832,11.3285833068811,Exterior,107
9,trig_poly,CV+ XBART,4.50292579453467,0.827956989247312,12.070083076584,Interior,93
9,trig_poly,CV+ XBART,11.7734532003508,0.570093457943925,12.2002300071184,Exterior,107
9,trig_poly,CV+ XBART-GP,4.43712717780633,0.795698924731183,11.6155161724347,Interior,93
9,trig_poly,CV+ XBART-GP,11.9989848922082,0.560747663551402,12.0181422848931,Exterior,107
0,max,XBART,1.13607412995054,0.846153846153846,3.51190722972856,Interior,104
0,max,XBART,1.45316447512199,0.833333333333333,3.48595446139454,Exterior,96
0,max,XBART-GP,1.13156156460511,0.865384615384615,3.53205870677252,Interior,104
0,max,XBART-GP,1.34632891000581,0.84375,3.58901809262444,Exterior,96
0,max,Jackknife+ XBART,1.16109885980235,0.913461538461538,4.10570441513593,Interior,104
0,max,Jackknife+ XBART,1.48635501056067,0.854166666666667,4.10918078460114,Exterior,96
0,max,Jackknife+ XBART-GP,1.15587210013208,0.913461538461538,4.13040760332814,Interior,104
0,max,Jackknife+ XBART-GP,1.56717608066637,0.864583333333333,4.14019229165878,Exterior,96
0,max,CV+ XBART,1.16188830799906,0.884615384615385,4.01832797175165,Interior,104
0,max,CV+ XBART,1.48836637158274,0.875,4.01231385015995,Exterior,96
0,max,CV+ XBART-GP,1.15078771455982,0.884615384615385,4.00033435563155,Interior,104
0,max,CV+ XBART-GP,1.55205110533966,0.864583333333333,4.07585598743553,Exterior,96
1,max,XBART,1.47609385283561,0.680412371134021,3.32350871045264,Interior,97
1,max,XBART,1.63464270004097,0.660194174757282,3.33508083475687,Exterior,103
1,max,XBART-GP,1.39329916183726,0.711340206185567,3.28649766124813,Interior,97
1,max,XBART-GP,1.33546948138715,0.815533980582524,3.45650442330783,Exterior,103
1,max,Jackknife+ XBART,1.47832784698324,0.680412371134021,3.37581521333977,Interior,97
1,max,Jackknife+ XBART,1.63538212109783,0.650485436893204,3.37112086550974,Exterior,103
1,max,Jackknife+ XBART-GP,1.49887147035649,0.680412371134021,3.35279987088404,Interior,97
1,max,Jackknife+ XBART-GP,1.73034010952835,0.669902912621359,3.41698589442895,Exterior,103
1,max,CV+ XBART,1.47311093368292,0.690721649484536,3.383953230209,Interior,97
1,max,CV+ XBART,1.63419053239975,0.660194174757282,3.38895339557314,Exterior,103
1,max,CV+ XBART-GP,1.46191809508002,0.742268041237113,3.51679727393367,Interior,97
1,max,CV+ XBART-GP,1.68998685240931,0.70873786407767,3.61807248601873,Exterior,103
2,max,XBART,1.4033157723993,0.795918367346939,3.94844213853262,Interior,98
2,max,XBART,1.34901690430488,0.803921568627451,3.83689511222534,Exterior,102
2,max,XBART-GP,1.37141463433492,0.816326530612245,3.896848270339,Interior,98
2,max,XBART-GP,1.15757597609028,0.911764705882353,3.9102216458270496,Exterior,102
2,max,Jackknife+ XBART,1.35716482016421,0.836734693877551,4.15317205966858,Interior,98
2,max,Jackknife+ XBART,1.26160179857441,0.901960784313726,4.16390483165886,Exterior,102
2,max,Jackknife+ XBART-GP,1.37808782468961,0.857142857142857,4.2016626226905,Interior,98
2,max,Jackknife+ XBART-GP,1.40491947837257,0.862745098039216,4.26025676288858,Exterior,102
2,max,CV+ XBART,1.38975228448384,0.857142857142857,4.28459677701241,Interior,98
2,max,CV+ XBART,1.31398754942969,0.901960784313726,4.28445670974182,Exterior,102
2,max,CV+ XBART-GP,1.39974253684605,0.877551020408163,4.39009338755404,Interior,98
2,max,CV+ XBART-GP,1.41543529467427,0.872549019607843,4.41345509958121,Exterior,102
3,max,XBART,1.25768215841149,0.811764705882353,3.27929474566059,Interior,85
3,max,XBART,1.39651413471294,0.756521739130435,3.29086270226167,Exterior,115
3,max,XBART-GP,1.19143578369953,0.835294117647059,3.31881482894381,Interior,85
3,max,XBART-GP,1.2502807559908,0.808695652173913,3.32218851306946,Exterior,115
3,max,Jackknife+ XBART,1.26063802099222,0.823529411764706,3.5831644733115,Interior,85
3,max,Jackknife+ XBART,1.39629784062724,0.817391304347826,3.58811728605632,Exterior,115
3,max,Jackknife+ XBART-GP,1.31752344336343,0.788235294117647,3.63553296572576,Interior,85
3,max,Jackknife+ XBART-GP,1.4937408861906,0.8,3.69012072666532,Exterior,115
3,max,CV+ XBART,1.24727612586173,0.835294117647059,3.51387122713493,Interior,85
3,max,CV+ XBART,1.38202093592194,0.817391304347826,3.51480265340022,Exterior,115
3,max,CV+ XBART-GP,1.28305471209222,0.776470588235294,3.50169861145296,Interior,85
3,max,CV+ XBART-GP,1.43473469507781,0.791304347826087,3.51267552416778,Exterior,115
4,max,XBART,1.20671745525967,0.818181818181818,3.27445670807753,Interior,88
4,max,XBART,1.47920225802331,0.758928571428571,3.34008008660195,Exterior,112
4,max,XBART-GP,1.1356545391411,0.829545454545455,3.32662664191215,Interior,88
4,max,XBART-GP,1.29236376605994,0.803571428571429,3.38426646168542,Exterior,112
4,max,Jackknife+ XBART,1.20851520495964,0.840909090909091,3.49832192525202,Interior,88
4,max,Jackknife+ XBART,1.47989292514913,0.794642857142857,3.49581381829876,Exterior,112
4,max,Jackknife+ XBART-GP,1.26072546436411,0.818181818181818,3.53678497351592,Interior,88
4,max,Jackknife+ XBART-GP,1.61445520856887,0.776785714285714,3.57891172642884,Exterior,112
4,max,CV+ XBART,1.22858123951088,0.829545454545455,3.46980195313054,Interior,88
4,max,CV+ XBART,1.50471402637905,0.803571428571429,3.46988703725806,Exterior,112
4,max,CV+ XBART-GP,1.27329974409223,0.806818181818182,3.55458821026739,Interior,88
4,max,CV+ XBART-GP,1.60977646249016,0.785714285714286,3.59396270076491,Exterior,112
5,max,XBART,1.38810321199646,0.804878048780488,3.51621464260367,Interior,82
5,max,XBART,1.67071064614496,0.728813559322034,3.49975740670869,Exterior,118
5,max,XBART-GP,1.31129875095908,0.829268292682927,3.56230985216817,Interior,82
5,max,XBART-GP,1.40376322070349,0.822033898305085,3.58018354919036,Exterior,118
5,max,Jackknife+ XBART,1.32825837456366,0.817073170731707,3.38341309231285,Interior,82
5,max,Jackknife+ XBART,1.6584535325271,0.728813559322034,3.40011622179258,Exterior,118
5,max,Jackknife+ XBART-GP,1.35389721331232,0.829268292682927,3.44773122974935,Interior,82
5,max,Jackknife+ XBART-GP,1.81069440544557,0.745762711864407,3.49341448444861,Exterior,118
5,max,CV+ XBART,1.39078426986925,0.817073170731707,3.52706017727709,Interior,82
5,max,CV+ XBART,1.73178150234503,0.745762711864407,3.52510369747982,Exterior,118
5,max,CV+ XBART-GP,1.39327555575586,0.817073170731707,3.5463981424883,Interior,82
5,max,CV+ XBART-GP,1.83000558435523,0.720338983050847,3.58085214413328,Exterior,118
6,max,XBART,1.30825563977661,0.797752808988764,3.38016473796156,Interior,89
6,max,XBART,1.64906214137715,0.684684684684685,3.43650031771441,Exterior,111
6,max,XBART-GP,1.22885094828772,0.842696629213483,3.42714693671626,Interior,89
6,max,XBART-GP,1.46351528776081,0.684684684684685,3.45216602819574,Exterior,111
6,max,Jackknife+ XBART,1.31689219150404,0.865168539325843,3.91624941413478,Interior,89
6,max,Jackknife+ XBART,1.68320605939282,0.738738738738739,3.91157518777369,Exterior,111
6,max,Jackknife+ XBART-GP,1.34015412095015,0.865168539325843,3.89567753974281,Interior,89
6,max,Jackknife+ XBART-GP,1.69241956858634,0.738738738738739,3.9182410603221296,Exterior,111
6,max,CV+ XBART,1.30931176505303,0.842696629213483,3.70449351356123,Interior,89
6,max,CV+ XBART,1.66375375067362,0.72972972972973,3.71088009341188,Exterior,111
6,max,CV+ XBART-GP,1.33559463448882,0.842696629213483,3.72879879600592,Interior,89
6,max,CV+ XBART-GP,1.64834783734773,0.756756756756757,3.79954064369016,Exterior,111
7,max,XBART,1.27842377949517,0.826086956521739,3.44424250467797,Interior,92
7,max,XBART,1.3185242172982,0.787037037037037,3.47414912508853,Exterior,108
7,max,XBART-GP,1.22682774692366,0.847826086956522,3.51898413167361,Interior,92
7,max,XBART-GP,1.19471802883018,0.888888888888889,3.58133390065778,Exterior,108
7,max,Jackknife+ XBART,1.30984544846924,0.869565217391304,3.6659146860026,Interior,92
7,max,Jackknife+ XBART,1.37130806310262,0.814814814814815,3.67520986702879,Exterior,108
7,max,Jackknife+ XBART-GP,1.32336664259496,0.869565217391304,3.76003892896683,Interior,92
7,max,Jackknife+ XBART-GP,1.43453582106542,0.796296296296296,3.7977731921749,Exterior,108
7,max,CV+ XBART,1.29959150475496,0.880434782608696,3.75963382826717,Interior,92
7,max,CV+ XBART,1.35361739561049,0.805555555555556,3.76123333834591,Exterior,108
7,max,CV+ XBART-GP,1.32322305911331,0.880434782608696,3.77780855731309,Interior,92
7,max,CV+ XBART-GP,1.41711594525467,0.805555555555556,3.79731582700875,Exterior,108
8,max,XBART,1.17564759735728,0.865979381443299,3.5955326489655,Interior,97
8,max,XBART,1.2050867246787,0.87378640776699,3.65273678855292,Exterior,103
8,max,XBART-GP,1.15458104112856,0.88659793814433,3.61124485342443,Interior,97
8,max,XBART-GP,1.16930180693959,0.864077669902913,3.69092254480337,Exterior,103
8,max,Jackknife+ XBART,1.15301331040042,0.907216494845361,4.04169511433137,Interior,97
8,max,Jackknife+ XBART,1.17373485149545,0.922330097087379,4.04226635760937,Exterior,103
8,max,Jackknife+ XBART-GP,1.20143429395861,0.927835051546392,4.18795484091648,Interior,97
8,max,Jackknife+ XBART-GP,1.25231138546133,0.912621359223301,4.20428309356003,Exterior,103
8,max,CV+ XBART,1.16974614298071,0.917525773195876,3.96686167747199,Interior,97
8,max,CV+ XBART,1.21263948035314,0.883495145631068,3.9720204897749,Exterior,103
8,max,CV+ XBART-GP,1.23884841491059,0.917525773195876,4.10042761636908,Interior,97
8,max,CV+ XBART-GP,1.28779359729112,0.864077669902913,4.11580128283307,Exterior,103
9,max,XBART,1.47781781040695,0.783505154639175,3.70555078084814,Interior,97
9,max,XBART,1.59763875576244,0.718446601941748,3.67553147691102,Exterior,103
9,max,XBART-GP,1.41192558230053,0.804123711340206,3.71936518130505,Interior,97
9,max,XBART-GP,1.45004000685404,0.796116504854369,3.72854641441471,Exterior,103
9,max,Jackknife+ XBART,1.46601154798134,0.814432989690722,3.8588929000726897,Interior,97
9,max,Jackknife+ XBART,1.61674140806564,0.766990291262136,3.85962721482316,Exterior,103
9,max,Jackknife+ XBART-GP,1.46906854200691,0.824742268041237,3.90442072470126,Interior,97
9,max,Jackknife+ XBART-GP,1.65903367786014,0.786407766990291,3.94031867311753,Exterior,103
9,max,CV+ XBART,1.46330300040839,0.814432989690722,3.82312520803652,Interior,97
9,max,CV+ XBART,1.61676967346725,0.776699029126214,3.8182603687390095,Exterior,103
9,max,CV+ XBART-GP,1.47562450703394,0.804123711340206,3.90324676084079,Interior,97
9,max,CV+ XBART-GP,1.66882881205596,0.786407766990291,3.93136408902014,Exterior,103
1,linear,XBART,2.6329153921157817,0.7884615384615384,6.776885429480472,Interior,104
1,linear,XBART,4.134541034636475,0.5833333333333334,6.747784401851419,Exterior,96
1,linear,XBART-GP,1.995899458240027,0.903846153846154,6.899093510988906,Interior,104
1,linear,XBART-GP,2.472483000524227,0.8645833333333334,7.339236844873349,Exterior,96
1,linear,Jackknife+ XBART,2.5465639537230658,0.8173076923076923,7.000445981283338,Interior,104
1,linear,Jackknife+ XBART,4.012462284489993,0.6041666666666666,7.009333779309266,Exterior,96
1,linear,Jackknife+ XBART-GP,3.2026568128061035,0.7307692307692307,7.479712457012847,Interior,104
1,linear,Jackknife+ XBART-GP,5.48846899043151,0.4791666666666667,7.521306951357993,Exterior,96
1,linear,CV+ XBART,2.498861415383677,0.8365384615384616,7.035045880160818,Interior,104
1,linear,CV+ XBART,3.940801029198692,0.625,7.066723490632973,Exterior,96
1,linear,CV+ XBART-GP,3.16382814460085,0.7692307692307693,7.71208308594808,Interior,104
1,linear,CV+ XBART-GP,5.405061915792907,0.5,7.914254800796083,Exterior,96
2,linear,XBART,2.3668724917114368,0.7464788732394366,5.094598634566129,Interior,71
2,linear,XBART,3.727908227673524,0.4496124031007752,5.057748500039651,Exterior,129
2,linear,XBART-GP,2.252877193997033,0.7605633802816901,5.096809203402181,Interior,71
2,linear,XBART-GP,2.537499971992188,0.7131782945736435,5.628394732341742,Exterior,129
2,linear,Jackknife+ XBART,2.3893726181332493,0.8028169014084507,6.568831678328568,Interior,71
2,linear,Jackknife+ XBART,3.7838875888765418,0.627906976744186,6.596080021899988,Exterior,129
2,linear,Jackknife+ XBART-GP,2.639704430938718,0.8591549295774648,7.036736318682882,Interior,71
2,linear,Jackknife+ XBART-GP,5.345574083846877,0.4186046511627907,7.188152507579505,Exterior,129
2,linear,CV+ XBART,2.331877016735015,0.8450704225352113,6.734013112747284,Interior,71
2,linear,CV+ XBART,3.810558960381041,0.6356589147286822,6.705704213901276,Exterior,129
2,linear,CV+ XBART-GP,2.7120428193813115,0.8591549295774648,7.653817675735135,Interior,71
2,linear,CV+ XBART-GP,5.407803700098001,0.5271317829457365,8.137496472122837,Exterior,129
3,linear,XBART,2.396592416805097,0.7608695652173914,6.544804347538784,Interior,92
3,linear,XBART,3.6356489587535847,0.5833333333333334,6.507131944033495,Exterior,108
3,linear,XBART-GP,1.9881368829619976,0.8913043478260869,6.542290859095572,Interior,92
3,linear,XBART-GP,2.350561799896374,0.8240740740740741,6.809277821061499,Exterior,108
3,linear,Jackknife+ XBART,2.35532331796254,0.8586956521739131,6.681652329187127,Interior,92
3,linear,Jackknife+ XBART,3.494368848260716,0.6481481481481481,6.724216084359529,Exterior,108
3,linear,Jackknife+ XBART-GP,2.809210758155935,0.8586956521739131,7.353917361952885,Interior,92
3,linear,Jackknife+ XBART-GP,5.046517083432902,0.5277777777777778,7.638521628290793,Exterior,108
3,linear,CV+ XBART,2.3403281380054826,0.9021739130434784,7.588249038124522,Interior,92
3,linear,CV+ XBART,3.663938880084772,0.6574074074074074,7.634739742109531,Exterior,108
3,linear,CV+ XBART-GP,2.9115123390369275,0.8695652173913043,8.42622071307182,Interior,92
3,linear,CV+ XBART-GP,4.895870308373072,0.5925925925925926,8.969581518079375,Exterior,108
4,linear,XBART,2.535302445257128,0.8198198198198198,6.674520064854993,Interior,111
4,linear,XBART,3.508508807936655,0.651685393258427,6.716559389935,Exterior,89
4,linear,XBART-GP,2.1365355216792654,0.8738738738738738,6.752351558035636,Interior,111
4,linear,XBART-GP,2.1475964585361007,0.8876404494382022,7.2800878963654,Exterior,89
4,linear,Jackknife+ XBART,2.013413344487321,0.8828828828828829,6.445612949150694,Interior,111
4,linear,Jackknife+ XBART,3.39400456037808,0.6292134831460674,6.392624908373558,Exterior,89
4,linear,Jackknife+ XBART-GP,2.874334259899373,0.7837837837837838,7.135254909346832,Interior,111
4,linear,Jackknife+ XBART-GP,5.099301963990813,0.4606741573033708,7.200248599469267,Exterior,89
4,linear,CV+ XBART,2.03542007051238,0.90990990990991,7.200484148397935,Interior,111
4,linear,CV+ XBART,3.2794639361599383,0.7528089887640449,7.258569129780575,Exterior,89
4,linear,CV+ XBART-GP,2.8569825710575296,0.8648648648648649,8.35275409512855,Interior,111
4,linear,CV+ XBART-GP,4.971807885805334,0.550561797752809,8.503965429109119,Exterior,89
5,linear,XBART,2.392692544981964,0.8241758241758241,6.501287809751397,Interior,91
5,linear,XBART,4.269028341833913,0.4495412844036697,6.317340880572205,Exterior,109
5,linear,XBART-GP,2.0230678610582364,0.912087912087912,6.495221785754943,Interior,91
5,linear,XBART-GP,2.716317100971866,0.7889908256880734,7.039983328295048,Exterior,109
5,linear,Jackknife+ XBART,2.278168601146405,0.8901098901098901,7.035566861575581,Interior,91
5,linear,Jackknife+ XBART,3.8091276524702034,0.6513761467889908,7.100764277222342,Exterior,109
5,linear,Jackknife+ XBART-GP,2.80259900196208,0.8021978021978022,7.415227026928838,Interior,91
5,linear,Jackknife+ XBART-GP,5.468012474760119,0.4220183486238532,7.586934119266279,Exterior,109
5,linear,CV+ XBART,2.1953116171926705,0.945054945054945,7.8587830122032605,Interior,91
5,linear,CV+ XBART,3.833698442494967,0.6605504587155964,7.88397749423622,Exterior,109
5,linear,CV+ XBART-GP,2.881537234208907,0.8681318681318682,8.456087962045993,Interior,91
5,linear,CV+ XBART-GP,5.508461674487388,0.4678899082568807,8.734107431011195,Exterior,109
6,linear,XBART,2.153189041108733,0.7878787878787878,5.51778079047786,Interior,99
6,linear,XBART,4.5272395896010735,0.3861386138613861,5.475665752127165,Exterior,101
6,linear,XBART-GP,1.789616820373593,0.8484848484848485,5.41521883084954,Interior,99
6,linear,XBART-GP,3.085851765615365,0.6831683168316832,5.862093168142522,Exterior,101
6,linear,Jackknife+ XBART,1.94807421747996,0.8888888888888888,6.425810546687428,Interior,99
6,linear,Jackknife+ XBART,4.475349255758951,0.4752475247524752,6.4793765536458565,Exterior,101
6,linear,Jackknife+ XBART-GP,2.476975585104197,0.8585858585858586,7.435325261131253,Interior,99
6,linear,Jackknife+ XBART-GP,6.747315041234022,0.3465346534653465,7.616928325697578,Exterior,101
6,linear,CV+ XBART,2.0492549103457014,0.898989898989899,6.536248300878618,Interior,99
6,linear,CV+ XBART,4.584078351431117,0.4554455445544554,6.519845401926908,Exterior,101
6,linear,CV+ XBART-GP,2.605630683863564,0.8787878787878788,7.669841492019544,Interior,99
6,linear,CV+ XBART-GP,6.907857520058712,0.297029702970297,7.964907561673724,Exterior,101
7,linear,XBART,2.541113090063418,0.6989247311827957,5.231803258390221,Interior,93
7,linear,XBART,3.5546181603359672,0.5233644859813084,5.163474087093577,Exterior,107
7,linear,XBART-GP,2.142882479345494,0.8172043010752689,5.3526365573214605,Interior,93
7,linear,XBART-GP,2.461967845415784,0.7570093457943925,5.59669032390224,Exterior,107
7,linear,Jackknife+ XBART,2.315526544685856,0.8064516129032258,6.126439219444607,Interior,93
7,linear,Jackknife+ XBART,3.464172103620336,0.5887850467289719,6.147852137579073,Exterior,107
7,linear,Jackknife+ XBART-GP,3.038718458477108,0.7634408602150538,6.827879821092658,Interior,93
7,linear,Jackknife+ XBART-GP,5.147845657786756,0.5046728971962616,6.8994104808437005,Exterior,107
7,linear,CV+ XBART,2.350071946063156,0.8172043010752689,6.135798875660816,Interior,93
7,linear,CV+ XBART,3.4651486284009443,0.5887850467289719,6.177753499090819,Exterior,107
7,linear,CV+ XBART-GP,3.0415184130094643,0.7526881720430108,6.87346234492833,Interior,93
7,linear,CV+ XBART-GP,4.958817384822627,0.5233644859813084,7.210354448285269,Exterior,107
8,linear,XBART,2.2280619451153574,0.8105263157894737,6.162382235588132,Interior,95
8,linear,XBART,3.665254818387021,0.5238095238095238,6.099951701192628,Exterior,105
8,linear,XBART-GP,1.951686964144144,0.8736842105263158,6.2733913141451865,Interior,95
8,linear,XBART-GP,2.4005555977484936,0.8285714285714286,6.610894924827176,Exterior,105
8,linear,Jackknife+ XBART,2.097559941254433,0.8947368421052632,6.621809389797342,Interior,95
8,linear,Jackknife+ XBART,3.560762303326268,0.6095238095238096,6.587809708894747,Exterior,105
8,linear,Jackknife+ XBART-GP,2.751079607884236,0.8210526315789474,7.217496734184279,Interior,95
8,linear,Jackknife+ XBART-GP,5.351533612118228,0.4380952380952381,7.346478214662555,Exterior,105
8,linear,CV+ XBART,2.0867381807641023,0.9263157894736842,7.170217100812733,Interior,95
8,linear,CV+ XBART,3.583554055985024,0.6666666666666666,7.200336059759519,Exterior,105
8,linear,CV+ XBART-GP,2.8788880919389355,0.8631578947368421,8.357814284353003,Interior,95
8,linear,CV+ XBART-GP,5.206963642123928,0.5333333333333333,8.636086954434615,Exterior,105
9,linear,XBART,2.3035586131838865,0.8288288288288288,6.316388950681627,Interior,111
9,linear,XBART,3.9502218809006497,0.5393258426966292,6.148465211661599,Exterior,89
9,linear,XBART-GP,1.9322654462922,0.927927927927928,6.365214849444119,Interior,111
9,linear,XBART-GP,2.447761106900173,0.8651685393258427,6.731541794145601,Exterior,89
9,linear,Jackknife+ XBART,2.258971667212572,0.918918918918919,7.656439984100244,Interior,111
9,linear,Jackknife+ XBART,3.9137099407059854,0.651685393258427,7.701420279112602,Exterior,89
9,linear,Jackknife+ XBART-GP,2.744826779664081,0.8918918918918919,8.016087257107825,Interior,111
9,linear,Jackknife+ XBART-GP,5.701874830604946,0.4719101123595505,8.05700605240865,Exterior,89
9,linear,CV+ XBART,2.179296295390009,0.927927927927928,7.827441515020909,Interior,111
9,linear,CV+ XBART,3.894446919477376,0.6741573033707865,7.861436859360007,Exterior,89
9,linear,CV+ XBART-GP,2.926925782767228,0.8918918918918919,8.72183874675448,Interior,111
9,linear,CV+ XBART-GP,5.81486859624989,0.5393258426966292,8.8891704389843,Exterior,89
